complaint_id,agency,complaint_type,descriptor,location_type
NYPD0,NYPD,Noise - Residential,Loud Music/Party,Residential Building/House
NYPD1,NYPD,Noise - Residential,Loud Television,Residential Building/House
NYPD2,NYPD,Noise - Commercial,Loud Music/Party,Store/Commercial
NYPD3,NYPD,Illegal Parking,Commercial Overnight Parking,Street/Sidewalk
NYPD4,NYPD,Noise - Street/Sidewalk,Loud Talking,Street/Sidewalk
NYPD5,NYPD,Illegal Parking,Blocked Hydrant,Street/Sidewalk
NYPD6,NYPD,Illegal Parking,Posted Parking Sign Violation,Street/Sidewalk
TLC7,TLC,Lost Property,Other,Taxi
NYPD8,NYPD,Noise - Street/Sidewalk,Loud Music/Party,Street/Sidewalk
NYPD9,NYPD,Noise - Residential,Banging/Pounding,Residential Building/House
DSNY10,DSNY,Dirty Condition,Trash,Sidewalk
NYPD11,NYPD,Blocked Driveway,No Access,Street/Sidewalk
NYPD12,NYPD,Blocked Driveway,Partial Access,Street/Sidewalk
DCWP13,DCWP,Consumer Complaint,Electronics Store,Business
NYPD14,NYPD,Animal-Abuse,Other (complaint details),Residential Building/House
DOHMH15,DOHMH,Smoking or Vaping,Allowed in Smoke Free Area,Residential Building
NYPD16,NYPD,Animal-Abuse,Neglected,Residential Building/House
NYPD17,NYPD,Noise - Vehicle,Engine Idling,Street/Sidewalk
NYPD18,NYPD,Illegal Parking,Double Parked Blocking Traffic,Street/Sidewalk
DPR19,DPR,Illegal Tree Damage,Branches Damaged,Street
NYPD20,NYPD,Noise - Commercial,Loud Music/Party,Club/Bar/Restaurant
TLC21,TLC,Taxi Complaint,Driver Complaint - Passenger,Street
NYPD22,NYPD,Illegal Parking,Blocked Crosswalk,Street/Sidewalk
DSNY23,DSNY,Dead Animal,Rat or Mouse,Street
NYPD24,NYPD,Noise - Commercial,Car/Truck Music,Store/Commercial
DOT25,DOT,Street Condition,Pothole,N/A
NYPD26,NYPD,Encampment,N/A,Subway
NYPD27,NYPD,Abandoned Vehicle,With License Plate,Street/Sidewalk
NYPD28,NYPD,Panhandling,N/A,Subway
DOT29,DOT,Street Condition,Plate Condition - Noisy,Street
DHS30,DHS,Homeless Person Assistance,Non-Chronic,Street/Sidewalk
DSNY31,DSNY,Sanitation Worker or Vehicle Complaint,Unsafe Driving,Street
NYPD32,NYPD,Noise - Commercial,Banging/Pounding,Store/Commercial
DOHMH33,DOHMH,Rodent,Rat Sighting,School
NYPD34,NYPD,Illegal Parking,Blocked Sidewalk,Street/Sidewalk
NYPD35,NYPD,Non-Emergency Police Matter,Trespassing,Residential Building/House
DOHMH36,DOHMH,Smoking or Vaping,Allowed in Smoke Free Area,Restaurant/Bar/Deli/Bakery
NYPD37,NYPD,Illegal Parking,Overnight Commercial Storage,Street/Sidewalk
NYPD38,NYPD,Drug Activity,Use Indoor,Other
NYPD39,NYPD,Noise - Residential,Loud Talking,Residential Building/House
NYPD40,NYPD,Encampment,N/A,Street/Sidewalk
TLC41,TLC,Taxi Report,Driver Report - Passenger,N/A
DOHMH42,DOHMH,Food Establishment,Food Temperature,Restaurant/Bar/Deli/Bakery
DPR43,DPR,Violation of Park Rules,Obstructing Public Use,Park
DSNY44,DSNY,Illegal Dumping,Removal Request,Sidewalk
NYPD45,NYPD,Noise - Park,Loud Music/Party,Park/Playground
NYPD46,NYPD,Illegal Parking,License Plate Obscured,Street/Sidewalk
NYPD47,NYPD,Noise - Vehicle,Car/Truck Music,Street/Sidewalk
NYPD48,NYPD,Urinating in Public,N/A,Residential Building/House
NYPD49,NYPD,Panhandling,N/A,Residential Building/House
NYPD50,NYPD,Non-Emergency Police Matter,Other (complaint details),Residential Building/House
NYPD51,NYPD,Drug Activity,Use Indoor,Stairwell
DOT52,DOT,Street Condition,Failed Street Repair,Street
DOT53,DOT,Street Light Condition,Street Light Out,N/A
DOT54,DOT,Street Sign - Damaged,Construction,Street
TLC55,TLC,For Hire Vehicle Complaint,Driver Complaint - Non Passenger,Street
NYPD56,NYPD,Illegal Parking,Double Parked Blocking Vehicle,Street/Sidewalk
DOT57,DOT,Street Light Condition,Fixture/Luminaire Damaged,N/A
DOHMH58,DOHMH,Rodent,Mouse Sighting,Public Stairs
DHS59,DHS,Homeless Person Assistance,Chronic,Store/Commercial
NYPD60,NYPD,Illegal Parking,Paper License Plates,Street/Sidewalk
DEP61,DEP,Noise,Noise: Construction Equipment (NC1),N/A
HPD62,HPD,HEAT/HOT WATER,APARTMENT ONLY,RESIDENTIAL BUILDING
HPD63,HPD,HEAT/HOT WATER,ENTIRE BUILDING,RESIDENTIAL BUILDING
HPD64,HPD,DOOR/WINDOW,WINDOW FRAME,RESIDENTIAL BUILDING
HPD65,HPD,ELECTRIC,OUTLET/SWITCH,RESIDENTIAL BUILDING
HPD66,HPD,UNSANITARY CONDITION,PESTS,RESIDENTIAL BUILDING
HPD67,HPD,DOOR/WINDOW,DOOR,RESIDENTIAL BUILDING
HPD68,HPD,PLUMBING,BATHTUB/SHOWER,RESIDENTIAL BUILDING
NYPD69,NYPD,Noise - Vehicle,Car/Truck Horn,Street/Sidewalk
DSNY70,DSNY,Dirty Condition,Trash,Street
TLC71,TLC,Taxi Complaint,Driver Complaint - Non Passenger,Street
DEP72,DEP,Noise,Noise: Construction Before/After Hours (NM1),N/A
HPD73,HPD,PLUMBING,TOILET,RESIDENTIAL BUILDING
DOHMH74,DOHMH,Rodent,Condition Attracting Rodents,Public Stairs
DHS75,DHS,Encampment,N/A,Street/Sidewalk
HPD76,HPD,UNSANITARY CONDITION,GARBAGE/RECYCLING STORAGE,RESIDENTIAL BUILDING
DOHMH77,DOHMH,Food Establishment,Toxic Chemical/Material,Restaurant/Bar/Deli/Bakery
DEP78,DEP,Air Quality,"Air: Odor/Fumes, Vehicle Idling (AD3)",N/A
NYPD79,NYPD,Illegal Parking,Parking Permit Improper Use,Street/Sidewalk
HPD80,HPD,PAINT/PLASTER,CEILING,RESIDENTIAL BUILDING
HPD81,HPD,SAFETY,FIRE ESCAPE,RESIDENTIAL BUILDING
HPD82,HPD,APPLIANCE,REFRIGERATOR,RESIDENTIAL BUILDING
HPD83,HPD,UNSANITARY CONDITION,MOLD,RESIDENTIAL BUILDING
HPD84,HPD,WATER LEAK,HEAVY FLOW,RESIDENTIAL BUILDING
HPD85,HPD,PLUMBING,WATER SUPPLY,RESIDENTIAL BUILDING
DPR86,DPR,Damaged Tree,Branch or Limb Has Fallen Down,Street
DHS87,DHS,Homeless Person Assistance,Non-Chronic,Store/Commercial
DEP88,DEP,Noise,Noise: Jack Hammering (NC2),N/A
DSNY89,DSNY,Missed Collection,Recycling - Paper/Metal/Glass/Rigid Plastic,Street
DSNY90,DSNY,Litter Basket Complaint,Overflowing,Sidewalk
HPD91,HPD,PLUMBING,BASIN/SINK,RESIDENTIAL BUILDING
HPD92,HPD,PAINT/PLASTER,CABINET,RESIDENTIAL BUILDING
HPD93,HPD,ELECTRIC,POWER OUTAGE,RESIDENTIAL BUILDING
HPD94,HPD,PAINT/PLASTER,WALL,RESIDENTIAL BUILDING
HPD95,HPD,DOOR/WINDOW,DOOR FRAME,RESIDENTIAL BUILDING
NYPD96,NYPD,Drinking,In Public,Street/Sidewalk
NYPD97,NYPD,Non-Emergency Police Matter,Other (complaint details),Street/Sidewalk
DOHMH98,DOHMH,Unsanitary Pigeon Condition,Pigeon Waste,1-2 Family Dwelling
DEP99,DEP,Noise,"Noise, Barking Dog (NR5)",N/A
TLC100,TLC,Taxi Complaint,Driver Complaint - Passenger,Highway
NYPD101,NYPD,Encampment,N/A,Residential Building/House
HPD102,HPD,APPLIANCE,ELECTRIC/GAS RANGE,RESIDENTIAL BUILDING
DEP103,DEP,Water System,Leak (Use Comments) (WA2),N/A
DEP104,DEP,Lead,Lead Kit Request (Residential) (L10),N/A
DPR105,DPR,Maintenance or Facility,Garbage or Litter,Park
DCWP106,DCWP,Consumer Complaint,Online or Mail Order,Business
NYPD107,NYPD,Noise - Commercial,Banging/Pounding,Club/Bar/Restaurant
DEP108,DEP,Sewer,Sewer Backup (Use Comments) (SA),N/A
DEP109,DEP,Noise,Noise:  lawn care equipment (NCL),N/A
DOHMH110,DOHMH,Food Establishment,Rodents/Insects/Garbage,Restaurant/Bar/Deli/Bakery
HPD111,HPD,FLOORING/STAIRS,FLOOR,RESIDENTIAL BUILDING
DOHMH112,DOHMH,Food Establishment,Food Protection,Other (Explain Below)
DOHMH113,DOHMH,Food Poisoning,1 or 2,Restaurant/Bar/Deli/Bakery
DOT114,DOT,Traffic Signal Condition,Controller,N/A
DSNY115,DSNY,Illegal Posting,Poster or Sign,Sidewalk
DOHMH116,DOHMH,Unsanitary Animal Pvt Property,Dog,3+ Family Mixed Use Building
TLC117,TLC,Lost Property,Bag/Wallet,N/A
HPD118,HPD,WATER LEAK,SLOW LEAK,RESIDENTIAL BUILDING
DPR119,DPR,Animal in a Park,Dog Off Leash,Park
DEP120,DEP,Water System,Dirty Water (WE),N/A
DOT121,DOT,Street Sign - Damaged,Street Cleaning - ASP,Street
DCWP122,DCWP,Consumer Complaint,Home Heating Oil Company,Business
OOS123,OOS,Cannabis Retailer,Suspicious Activity,N/A
DEP124,DEP,Noise,Noise: air condition/ventilation equipment (NV1),N/A
DEP125,DEP,Noise,Noise: Alarms (NR3),N/A
NYPD126,NYPD,Illegal Parking,Blocked Bike Lane,Street/Sidewalk
DPR127,DPR,Maintenance or Facility,Structure - Outdoors,Park
DSNY128,DSNY,Residential Disposal Complaint,Bin Not Used,Sidewalk
NYPD129,NYPD,Traffic,Chronic Stoplight Violation,Street/Sidewalk
DOT130,DOT,Street Condition,Cave-in,Street
DHS131,DHS,Homeless Person Assistance,Chronic,Residential Building/House
HPD132,HPD,WATER LEAK,DAMP SPOT,RESIDENTIAL BUILDING
DOT133,DOT,Sidewalk Condition,Broken Sidewalk,Sidewalk
DHS134,DHS,Homeless Person Assistance,Non-Chronic,Park/Playground
DOHMH135,DOHMH,Indoor Air Quality,Chemical Vapors/Gases/Odors,3+ Family Apartment Building
NYPD136,NYPD,Noise - Park,Loud Talking,Park/Playground
NYPD137,NYPD,Traffic,Drag Racing,Street/Sidewalk
DPR138,DPR,Damaged Tree,Branch Cracked and Will Fall,Street
DSNY139,DSNY,Vendor Enforcement,Food Vendor,Street
NYPD140,NYPD,Illegal Parking,Detached Trailer,Street/Sidewalk
DOHMH141,DOHMH,Food Establishment,Allergy Information,Restaurant/Bar/Deli/Bakery
NYPD142,NYPD,Illegal Fireworks,N/A,Street/Sidewalk
DSNY143,DSNY,Obstruction,Trash or Recycling,Sidewalk
HPD144,HPD,GENERAL,CABINET,RESIDENTIAL BUILDING
DSNY145,DSNY,Dirty Condition,Trash,Gutter
DPR146,DPR,Maintenance or Facility,Rodent Sighting,Park
DSNY147,DSNY,Illegal Dumping,Removal Request,Street
HPD148,HPD,GENERAL,JANITOR/SUPER,RESIDENTIAL BUILDING
NYPD149,NYPD,Panhandling,N/A,Street/Sidewalk
DEP150,DEP,Water System,Possible Water Main Break (Use Comments) (WA1),N/A
DSNY151,DSNY,Commercial Disposal Complaint,Waste Disposal,Food Establishment or Vendor
HPD152,HPD,ELECTRIC,WIRING,RESIDENTIAL BUILDING
DOT153,DOT,Street Condition,Defective Hardware,Street
HPD154,HPD,GENERAL,BELL/BUZZER/INTERCOM,RESIDENTIAL BUILDING
DPR155,DPR,Overgrown Tree/Branches,Hitting Building,Street
DSNY156,DSNY,Illegal Dumping,Chronic Dumping,Street
DSNY157,DSNY,Missed Collection,Compost,Street
NYPD158,NYPD,Illegal Fireworks,N/A,Park/Playground
DOT159,DOT,Outdoor Dining,Sidewalk Zone Blocked,Sidewalk
NYPD160,NYPD,Illegal Fireworks,N/A,Residential Building/House
DEP161,DEP,Sewer,Catch Basin Clogged/Flooding (Use Comments) (SC),N/A
DPR162,DPR,Illegal Tree Damage,Roots Damaged,Street
DCWP163,DCWP,Consumer Complaint,Door to Door Sales,Business
HPD164,HPD,DOOR/WINDOW,WINDOW PANE,RESIDENTIAL BUILDING
DOHMH165,DOHMH,Unsanitary Animal Pvt Property,Dog,1-2 Family Dwelling
DPR166,DPR,Dead/Dying Tree,Planted More Than 2 Years Ago,Street
DEP167,DEP,Water System,Hydrant Running (WC3),N/A
NYPD168,NYPD,Illegal Parking,Unauthorized Bus Layover,Street/Sidewalk
DPR169,DPR,Root/Sewer/Sidewalk Condition,Trees and Sidewalks Program,Street
DOE170,DOE,School Maintenance,Unclean Condition,School
NYPD171,NYPD,Panhandling,N/A,Store/Commercial
DSNY172,DSNY,Residential Disposal Complaint,Waste Set Out Too Early or Too Late,Street
HPD173,HPD,PLUMBING,RADIATOR,RESIDENTIAL BUILDING
DHS174,DHS,Encampment,N/A,Residential Building/House
DOHMH175,DOHMH,Indoor Air Quality,Other (Explain Below),3+ Family Apartment Building
EDC176,EDC,Noise - Helicopter,Other,Above Address
DPR177,DPR,Overgrown Tree/Branches,Clear Street Light,Street
DSNY178,DSNY,Dirty Condition,Debris from Car Accident,Street
DPR179,DPR,Maintenance or Facility,Rodent Sighting,Street/Curbside
HPD180,HPD,UNSANITARY CONDITION,SEWAGE,RESIDENTIAL BUILDING
DPR181,DPR,Illegal Tree Damage,Bicycle Chained to Tree,Street
EDC182,EDC,Noise - Helicopter,NYPD,Above Address
DPR183,DPR,Maintenance or Facility,Unsecured Facility,Park
DOHMH184,DOHMH,Food Poisoning,3 or More,Restaurant/Bar/Deli/Bakery
TLC185,TLC,Lost Property,Electronics/Phones,Taxi
DEP186,DEP,Sewer,Catch Basin Search (SC2),N/A
DSNY187,DSNY,Derelict Vehicles,Derelict Vehicles,Street
DSNY188,DSNY,Missed Collection,Bulky Recycling,Street
NYPD189,NYPD,Noise - Commercial,Loud Talking,Store/Commercial
DOHMH190,DOHMH,Food Establishment,Kitchen/Food Prep Area,Restaurant/Bar/Deli/Bakery
NYPD191,NYPD,Drinking,In Public,Store/Commercial
DCWP192,DCWP,Consumer Complaint,"Barber Shop, Beauty Salon, or Nail Salon",Business
DPR193,DPR,Damaged Tree,Tree Trunk Split,Street
DOHMH194,DOHMH,Indoor Air Quality,Ventilation,1-2 Family Mixed Use Building
DOT195,DOT,Street Light Condition,Street Light Cycling,N/A
NYPD196,NYPD,Posting Advertisement,Building,Residential Building/House
DSNY197,DSNY,Illegal Posting,Flyer or Handbill,Sidewalk
HPD198,HPD,SAFETY,SPRINKLER,RESIDENTIAL BUILDING
DHS199,DHS,Homeless Person Assistance,Chronic,Street/Sidewalk
DOT200,DOT,Traffic Signal Condition,Bike Signal,N/A
HPD201,HPD,SAFETY,CARBON MONOXIDE DETECTOR,RESIDENTIAL BUILDING
HPD202,HPD,SAFETY,SMOKE DETECTOR,RESIDENTIAL BUILDING
HPD203,HPD,GENERAL,VENTILATION SYSTEM,RESIDENTIAL BUILDING
NYPD204,NYPD,Encampment,N/A,Store/Commercial
NYPD205,NYPD,Non-Emergency Police Matter,Other (complaint details),Store/Commercial
DOT206,DOT,Highway Condition,Cave-in,Highway
NYPD207,NYPD,Bike/Roller/Skate,N/A,Street/Sidewalk
DCWP208,DCWP,Consumer Complaint,Mobile Food Vendor,Business
DSNY209,DSNY,Obstruction,Cone,Street
NYPD210,NYPD,Drug Activity,Use Indoor,Common Area
HPD211,HPD,FLOORING/STAIRS,STAIRS,RESIDENTIAL BUILDING
DSNY212,DSNY,Missed Collection,Trash,Street
DOHMH213,DOHMH,Rodent,Condition Attracting Rodents,3+ Family Apt. Building
TLC214,TLC,For Hire Vehicle Complaint,Driver Complaint - Non Passenger,N/A
DPR215,DPR,Damaged Tree,Tree Leaning/Uprooted,Street
DSNY216,DSNY,Dirty Condition,Trash,Yard
TLC217,TLC,Taxi Complaint,Driver Complaint - Non Passenger,N/A
DSNY218,DSNY,Highway Condition,Litter,Highway
HPD219,HPD,ELECTRIC,NO LIGHTING,RESIDENTIAL BUILDING
DOT220,DOT,Traffic Signal Condition,LED Pedestrian Unit,N/A
DOHMH221,DOHMH,Rodent,Rat Sighting,1-2 Family Dwelling
DSNY222,DSNY,Dead Animal,Cat,Street
DOB223,DOB,Building/Use,Illegal Conversion Of Residential Building/Space,N/A
DOHMH224,DOHMH,Rodent,Rat Sighting,3+ Family Apt. Building
DOT225,DOT,Street Condition,Blocked - Construction,Street
DOB226,DOB,Elevator,Elevator - Single Device On Property/No Alternate Service,N/A
DEP227,DEP,Water Quality,"Taste/Odor, Bitter/Metallic (QA3)",N/A
DHS228,DHS,Homeless Person Assistance,Chronic,Subway
DCWP229,DCWP,Consumer Complaint,Car Wash,Business
DPR230,DPR,Maintenance or Facility,Grass/Weeds,Park
NYPD231,NYPD,Drug Activity,Use Outside,Street/Sidewalk
DEP232,DEP,Sewer,Manhole Overflow (Use Comments) (SA1),N/A
DSNY233,DSNY,Dirty Condition,Dog Waste,Sidewalk
DSNY234,DSNY,Abandoned Bike,Chained to Public Property,Street
HPD235,HPD,PLUMBING,BOILER,RESIDENTIAL BUILDING
DPR236,DPR,Illegal Tree Damage,Unauthorized Tree Removal,Street
DHS237,DHS,Homeless Person Assistance,Non-Chronic,Residential Building/House
DOB238,DOB,Elevator,Elevator - Multiple Devices On Property,N/A
HPD239,HPD,GENERAL,COOKING GAS,RESIDENTIAL BUILDING
HPD240,HPD,PAINT/PLASTER,DOOR/FRAME,RESIDENTIAL BUILDING
DEP241,DEP,Water System,Hydrant Leaking (WC1),N/A
DOB242,DOB,Real Time Enforcement,Work Without A Permit - Occupied Multiple Dwelling,N/A
DPR243,DPR,Maintenance or Facility,Structure - Indoors,Park
DEP244,DEP,Air Quality,"Air: Smoke, Chimney or vent (AS1)",N/A
DSNY245,DSNY,Obstruction,Cone,Sidewalk
DOT246,DOT,Sidewalk Condition,Blocked - Construction,Sidewalk
DCWP247,DCWP,Consumer Complaint,Hotel or Motel,Business
DOT248,DOT,Street Light Condition,Street Light Lamp Dim,N/A
DCWP249,DCWP,Consumer Complaint,Restaurant,Business
DOB250,DOB,Plumbing,Gas Hook-Up/Piping - Illegal Or Defective,N/A
DOHMH251,DOHMH,Food Establishment,Toilet Facility,Restaurant/Bar/Deli/Bakery
DEP252,DEP,Water System,Hydrant Knocked Over/Missing (WC),N/A
DOT253,DOT,Sidewalk Condition,Sidewalk Violation,Sidewalk
DSNY254,DSNY,Litter Basket Request,New Basket,Sidewalk
DSNY255,DSNY,Obstruction,Trash or Recycling,Street
TLC256,TLC,Lost Property,Bag/Wallet,Taxi
TLC257,TLC,Taxi Complaint,Driver Complaint - Passenger,N/A
DOT258,DOT,Highway Condition,Pothole - Highway,Highway
DEP259,DEP,Sewer,Catch Basin Sunken/Damaged/Raised (SC1),N/A
DOT260,DOT,Street Sign - Damaged,"No Parking, Standing, Stopping",Street
DOB261,DOB,General Construction/Plumbing,Curb Cut/Driveway/Carport - Illegal,N/A
DOHMH262,DOHMH,Mobile Food Vendor,Food Source/Protection,Mobile Food Vendor
DCWP263,DCWP,Consumer Complaint,General Vendor,Business
DOB264,DOB,General Construction/Plumbing,Sidewalk Shed/Pipe Scafford - Inadequate Defective/None,N/A
DOT265,DOT,Street Sign - Dangling,Detour,Street
DEP266,DEP,Sewer,Street Flooding (SJ),N/A
DOHMH267,DOHMH,Unsanitary Pigeon Condition,Pigeon Waste,3+ Family Apartment Building
DOT268,DOT,Street Condition,"Rough, Pitted or Cracked Roads",Street
DHS269,DHS,Homeless Person Assistance,Non-Chronic,Other
DEP270,DEP,Water Conservation,Water Meter Broken/Leaking - Private Residence (CMR),N/A
DHS271,DHS,Homeless Person Assistance,Non-Chronic,Subway
DOB272,DOB,Building/Use,SRO - Illegal Work/No Permit/Change In Occupancy/Use,N/A
DSNY273,DSNY,Litter Basket Request,Replacement Basket,Street
DOB274,DOB,Building/Use,No Certificate Of Occupancy/Illegal/Contrary To CO,N/A
DOB275,DOB,Boilers,Boiler - Defective/Inoperative/No Permit,N/A
NYPD276,NYPD,Urinating in Public,N/A,Street/Sidewalk
NYPD277,NYPD,Non-Emergency Police Matter,Other (complaint details),Park/Playground
NYPD278,NYPD,Drinking,In Public,Residential Building/House
DOT279,DOT,Street Sign - Missing,"No Parking, Standing, Stopping",Street
DOT280,DOT,Street Light Condition,Lamppost Leaning,N/A
DEP281,DEP,Sewer,Manhole Cover Missing (Emergency) (SA3),N/A
DOHMH282,DOHMH,Rodent,Rat Sighting,Street
DPR283,DPR,Overgrown Tree/Branches,Dead Branches in Tree,Street
DCWP284,DCWP,Consumer Complaint,Supermarket or Grocery Store,Business
DOB285,DOB,General Construction/Plumbing,Building Permit - None,N/A
NYPD286,NYPD,Noise - Commercial,Loud Television,Club/Bar/Restaurant
DSNY287,DSNY,Dumpster Complaint,Overflowing dumpster,Street
HPD288,HPD,ELECTRIC,LIGHTING,RESIDENTIAL BUILDING
HPD289,HPD,ELEVATOR,MAINTENANCE,RESIDENTIAL BUILDING
DOHMH290,DOHMH,Smoking or Vaping,Allowed in Smoke Free Area,Commercial Building
DSNY291,DSNY,Dead Animal,Bird,Sidewalk
NYPD292,NYPD,Noise - House of Worship,Loud Music/Party,House of Worship
DOB293,DOB,General Construction/Plumbing,Working Contrary To Stop Work Order,N/A
DSNY294,DSNY,Litter Basket Request,New Basket,Street
HPD295,HPD,PLUMBING,STEAM PIPE/RISER,RESIDENTIAL BUILDING
DOT296,DOT,Traffic Signal Condition,Veh Signal Lamp,N/A
DSNY297,DSNY,Missed Collection,Recycling - Paper,Street
DPR298,DPR,Overgrown Tree/Branches,Blocking Street,Street
DOT299,DOT,Sidewalk Condition,Broken Sidewalk,Overpass
DSNY300,DSNY,Vendor Enforcement,Non-Food Vendor,Street
DSNY301,DSNY,Residential Disposal Complaint,Waste Set Out Too Early or Too Late,Sidewalk
DSNY302,DSNY,Illegal Dumping,Chronic Dumping,Sidewalk
DCWP303,DCWP,Consumer Complaint,Stoop Line Stand,Business
DSNY304,DSNY,Obstruction,Weeds or Grass,Street
DOT305,DOT,Traffic Signal Condition,Pedestrian Signal,N/A
DOB306,DOB,General Construction/Plumbing,Site Conditions Endangering Workers,N/A
DSNY307,DSNY,Dead Animal,Raccoon,Sidewalk
DOT308,DOT,Ferry Inquiry,Lost and Found,Ferry
NYPD309,NYPD,Traffic,Congestion/Gridlock,Street/Sidewalk
DSNY310,DSNY,Residential Disposal Complaint,Trash or Recycling Not Secure,Sidewalk
DPR311,DPR,Violation of Park Rules,Unsafe Use of Playground,Park
DOT312,DOT,Street Sign - Missing,Yield,Street
DOB313,DOB,Electrical,Electrical Wiring Defective/Exposed,N/A
DSNY314,DSNY,Dead Animal,Deer,Street
DHS315,DHS,Encampment,N/A,Store/Commercial
DOB316,DOB,General Construction/Plumbing,Illegal Conversion Of Commercial Bldg/Space To Other Uses,N/A
DOHMH317,DOHMH,Beach/Pool/Sauna Complaint,Beach/Pool Water,Pool
DOHMH318,DOHMH,Unsanitary Animal Pvt Property,Dog,3+ Family Apartment Building
DOHMH319,DOHMH,Indoor Air Quality,Other (Explain Below),Other (Explain Below)
DEP320,DEP,Water System,No Water (WNW),N/A
DCWP321,DCWP,Consumer Complaint,Home Improvement Contractor,Business
NYPD322,NYPD,Noise - Commercial,Loud Talking,Club/Bar/Restaurant
DOB323,DOB,General Construction/Plumbing,Building Shaking/Vibrating/Structural Stability,N/A
DOT324,DOT,Street Sign - Dangling,Stop,Street
DOHMH325,DOHMH,Illegal Animal Sold,Turtle Under 4 inches Long,Street Vendor
DOT326,DOT,Traffic Signal Condition,Ped Multiple Lamps,N/A
DSNY327,DSNY,Graffiti,Graffiti,Comercial
DSNY328,DSNY,Obstruction,Weeds or Grass,Sidewalk
DSNY329,DSNY,Missed Collection,Trash and Bulky Trash,Street
DSNY330,DSNY,Street Sweeping Complaint,Inadequate Sweeping,Street
DPR331,DPR,Maintenance or Facility,Recreation Center,Park
NYPD332,NYPD,Non-Emergency Police Matter,Street Con Game,Street/Sidewalk
DOB333,DOB,General Construction/Plumbing,Egress - Doors Locked/Blocked/Improper/No Secondary Means,N/A
DPR334,DPR,Damaged Tree,Tree Alive - in Poor Condition,Street
DSNY335,DSNY,Missed Collection,Recycling - Metal/Glass/Rigid Plastic,Street
DOHMH336,DOHMH,Unleashed Dog,Unleashed Dog in Public,Public/Unfenced Area
DOHMH337,DOHMH,Food Establishment,Pet/Animal,Restaurant/Bar/Deli/Bakery
NYPD338,NYPD,Animal-Abuse,No Shelter,House and Store
DCWP339,DCWP,Consumer Complaint,"Bodega, Deli, or Convenience Store",Business
DPR340,DPR,Damaged Tree,Entire Tree Has Fallen Down,Street
DOT341,DOT,Street Sign - Dangling,St Name - Attached to Pole,Street
DOT342,DOT,Curb Condition,Defacement,Curb
DEP343,DEP,Hazardous Materials,Chemical Spill/Release (HA1),N/A
DSNY344,DSNY,Dead Animal,Squirrel,Street
HPD345,HPD,GENERAL,SIGNAGE MISSING,RESIDENTIAL BUILDING
DSNY346,DSNY,Dirty Condition,Dirt or Gravel,Street
DOHMH347,DOHMH,Indoor Air Quality,Ventilation,3+ Family Apartment Building
DEP348,DEP,Water System,Hydrant Running Full (WA4),N/A
DOB349,DOB,Emergency Response Team (ERT),After Hours Work - Illegal,N/A
DOHMH350,DOHMH,Indoor Air Quality,Dry Cleaning Vapors (PERC),3+ Family Apartment Building
DSNY351,DSNY,Dead Animal,Opossum,Street
NYPD352,NYPD,Noise - House of Worship,Loud Talking,House of Worship
DSNY353,DSNY,Dead Animal,Cat,Sidewalk
DSNY354,DSNY,Residential Disposal Complaint,Bin Not Used,Street
DOT355,DOT,Curb Condition,Curb Defect-Metal Protruding,Sidewalk
DSNY356,DSNY,Dirty Condition,Trash,Alley
DOHMH357,DOHMH,Indoor Air Quality,Chemical Vapors/Gases/Odors,1-2 Family Mixed Use Building
TLC358,TLC,For Hire Vehicle Complaint,Driver Complaint - Passenger,N/A
DSNY359,DSNY,Graffiti,Graffiti,N/A
DEP360,DEP,Water Conservation,Illegal Use Of A Hydrant (CIN),N/A
DOT361,DOT,Street Light Condition,Traffic Signal Light,N/A
OOS362,OOS,Cannabis Retailer,Too Close to a School,N/A
DHS363,DHS,Homeless Person Assistance,Non-Chronic,House of Worship
DOB364,DOB,Special Projects Inspection Team (SPIT),Illegal Hotel Rooms In Residential Building,N/A
DCWP365,DCWP,Consumer Complaint,Street Fair Vendor,Business
DOT366,DOT,Outdoor Dining,Site Setup Condition,Sidewalk
DOHMH367,DOHMH,Rodent,Condition Attracting Rodents,1-2 Family Dwelling
DOB368,DOB,General Construction/Plumbing,"Building - Vacant, Open And Unguarded",N/A
DOB369,DOB,Plumbing,Plumbing-Defective/Leaking/Not Maintained,N/A
DEP370,DEP,Water System,Hydrant Defective (WC2),N/A
DOB371,DOB,Building/Use,Illegal. Commercial Use In Resident Zone,N/A
DEP372,DEP,Water System,installation of hydrant side post (WHFP),N/A
DOB373,DOB,General Construction/Plumbing,Posted Notice Or Order Removed/Tampered With,N/A
DOT374,DOT,Traffic Signal Condition,Veh Sgnl Mult Lamps,N/A
DOT375,DOT,Outdoor Dining,Restaurant Status,Sidewalk
DOT376,DOT,Highway Condition,Graffiti - Highway,Highway
DOHMH377,DOHMH,Rodent,Rat Sighting,Sidewalk
DOHMH378,DOHMH,Mobile Food Vendor,Smoke/Odor,Mobile Food Vendor
DSNY379,DSNY,Obstruction,Merchandise,Sidewalk
DSNY380,DSNY,Missed Collection,Bulky Trash,Street
DOHMH381,DOHMH,Food Establishment,Food Contaminated,Restaurant/Bar/Deli/Bakery
DPR382,DPR,Damaged Tree,Branch or Limb Has Fallen Down,Park
DEP383,DEP,Water System,Hyd Valve Box Cover Missing (WV2),N/A
DOT384,DOT,Curb Condition,Broken Curb,Sidewalk
DOHMH385,DOHMH,Mobile Food Vendor,Equipment,Mobile Food Vendor
DOHMH386,DOHMH,Illegal Animal Kept as Pet,Other,Residence
DOHMH387,DOHMH,Construction Lead Dust,In Common Areas,3+ Family Apartment Building
DOB388,DOB,General Construction/Plumbing,Failure To Maintain,N/A
DSNY389,DSNY,Residential Disposal Complaint,Waste Not Separated,Sidewalk
NYPD390,NYPD,Encampment,N/A,Park/Playground
DPR391,DPR,Animal in a Park,Domestic Strays,Park
DEP392,DEP,Noise,"Noise, Ice Cream Truck (NR4)",N/A
DPR393,DPR,Illegal Tree Damage,Trunk Damaged,Street
DPR394,DPR,Maintenance or Facility,Graffiti or Vandalism,Park
DOT395,DOT,Bridge Condition,Pothole,Bridge
DCWP396,DCWP,Consumer Complaint,Hardware Store,Business
NYPD397,NYPD,Drinking,In Public,Park/Playground
DOT398,DOT,Traffic Signal Condition,APS,N/A
DEP399,DEP,Hazardous Materials,Chemical Odor (HD1),N/A
DOT400,DOT,Traffic Signal Condition,Veh Signal Head,N/A
DOHMH401,DOHMH,Mobile Food Vendor,Food Worker Activity,Mobile Food Vendor
DCWP402,DCWP,Consumer Complaint,Garage or Parking Lot,Business
DOHMH403,DOHMH,Food Establishment,Letter Grading,Restaurant/Bar/Deli/Bakery
HPD404,HPD,SAFETY,WINDOW GUARD BROKEN/MISSING,RESIDENTIAL BUILDING
DPR405,DPR,Animal in a Park,Removing Wildlife,Park
DOT406,DOT,Street Light Condition,Street Light Dayburning,N/A
DOT407,DOT,Street Light Condition,Bracket Arm Loose,N/A
DEP408,DEP,Industrial Waste,Wastewater Into Catch Basin (IEB),N/A
NYPD409,NYPD,Noise - Commercial,Car/Truck Horn,Store/Commercial
DPR410,DPR,Violation of Park Rules,Unlicensed Vendors,Park
NYPD411,NYPD,Posting Advertisement,Vehicle,Street/Sidewalk
DSNY412,DSNY,Obstruction,Sign,Street
NYPD413,NYPD,Animal-Abuse,Tortured,Residential Building/House
DPR414,DPR,Dead/Dying Tree,Planted Less Than 2 Years Ago,Street
DSNY415,DSNY,Dumpster Complaint,Blocking Sidewalk or Street,Sidewalk
DPR416,DPR,Animal in a Park,Injured Wildlife,Park
DOT417,DOT,Street Sign - Dangling,"No Parking, Standing, Stopping",Street
DEP418,DEP,Water Conservation,"Wasting Faucets,Sinks,Flushometer,Urinal,Etc. - Other (CWO)",N/A
HPD419,HPD,GENERAL,MAILBOX,RESIDENTIAL BUILDING
DEP420,DEP,Industrial Waste,Gasoline Spill (IAA),N/A
DOB421,DOB,General Construction/Plumbing,Cons - Contrary/Beyond Approved Plans/Permits,N/A
DOB422,DOB,General Construction/Plumbing,Fence - None/Inadequate,N/A
DCWP423,DCWP,Consumer Complaint,Used Car Dealer,Business
DOHMH424,DOHMH,Indoor Air Quality,Other (Explain Below),1-2 Family Dwelling
HPD425,HPD,PAINT/PLASTER,WINDOW/FRAME,RESIDENTIAL BUILDING
DSNY426,DSNY,Abandoned Bike,Chained to Public Property,Intersection
DSNY427,DSNY,Dead Animal,Bird,Street
DOT428,DOT,Street Sign - Dangling,Other/Unknown,Street
DCWP429,DCWP,Consumer Complaint,Tow Truck Company,Business
DEP430,DEP,Noise,Noise: Manufacturing Noise (NK1),N/A
DEP431,DEP,Sewer,Culvert Blocked/Needs Cleaning (SE),N/A
DEP432,DEP,Plant,Plants- Odor Related Problems (PO1),N/A
DSNY433,DSNY,Residential Disposal Complaint,Containers Left Out After Collection,Sidewalk
DOT434,DOT,Traffic Signal Condition,Controller Cabinet,N/A
DPR435,DPR,Illegal Tree Damage,Branches Damaged,Park
DOT436,DOT,Street Sign - Dangling,One Way,Street
DPR437,DPR,Root/Sewer/Sidewalk Condition,Trees and Sidewalks Program,Park
DOT438,DOT,Traffic Signal Condition,Ped Lamp,N/A
DOHMH439,DOHMH,Food Poisoning,1 or 2,Other (Explain Below)
DOHMH440,DOHMH,Food Poisoning,1 or 2,Senior Center
NYPD441,NYPD,Drinking,After Hours - Licensed Est,Club/Bar/Restaurant
DOT442,DOT,Street Light Condition,Lamppost Knocked Down,N/A
DOT443,DOT,Street Light Condition,Lamppost Wire Exposed,N/A
DSNY444,DSNY,Dead Animal,Other,Sidewalk
DSNY445,DSNY,Lot Condition,Trash,Lot
NYPD446,NYPD,Traffic,Truck Route Violation,Street/Sidewalk
DOB447,DOB,General Construction/Plumbing,Debris - Excessive,N/A
TLC448,TLC,For Hire Vehicle Report,Driver Report - Passenger,N/A
DSNY449,DSNY,Commercial Disposal Complaint,Waste Disposal,Sidewalk
DHS450,DHS,Homeless Person Assistance,Non-Chronic,Bridge
HPD451,HPD,PAINT/PLASTER,RADIATOR,RESIDENTIAL BUILDING
DPR452,DPR,Maintenance or Facility,Graffiti or Vandalism,Street/Curbside
DOHMH453,DOHMH,Illegal Animal Kept as Pet,Rooster,Residence
DPR454,DPR,Animal in a Park,Dog Off Leash,Street/Curbside
DSNY455,DSNY,Graffiti,Graffiti,Residential
DOT456,DOT,Street Sign - Missing,Street Cleaning - ASP,Street
DSNY457,DSNY,Street Sweeping Complaint,Street Not Swept,Street
DHS458,DHS,Encampment,N/A,Subway
DSNY459,DSNY,Residential Disposal Complaint,Waste Left in Front of Other Residence,Sidewalk
DSNY460,DSNY,Graffiti,Graffiti,Mixed Use
DOT461,DOT,Traffic Signal Condition,Wireless,N/A
OTI462,OTI,LinkNYC,Graffiti/Dirty Condition,Sidewalk
NYPD463,NYPD,Animal-Abuse,Neglected,Store/Commercial
NYPD464,NYPD,Graffiti,Police Report Not Requested,Street/Sidewalk
DOHMH465,DOHMH,Indoor Air Quality,Other (Explain Below),Commercial Building
DOHMH466,DOHMH,Rodent,Rat Sighting,3+ Family Mixed Use Building
DEP467,DEP,Water Conservation,Illegal Use Of Hose - Private Residence (CCR),N/A
DEP468,DEP,Sewer,Sewer Odor (SA2),N/A
DHS469,DHS,Encampment,N/A,Highway
NYPD470,NYPD,Encampment,N/A,Highway
NYPD471,NYPD,Drinking,Underage - Licensed Est,Club/Bar/Restaurant
DSNY472,DSNY,Residential Disposal Complaint,Waste Not Separated,Street
DOB473,DOB,Plumbing,Plumbing Work - Illegal/No Permit/Standpipe/Sprinkler,N/A
DOHMH474,DOHMH,Unsanitary Pigeon Condition,Pigeon Waste,Commercial Building
DOT475,DOT,Bridge Condition,Rough Pavement,Bridge
DCWP476,DCWP,Consumer Complaint,Other Store (Non-Food),Business
DOHMH477,DOHMH,Food Establishment,Pesticide,Restaurant/Bar/Deli/Bakery
DOT478,DOT,Street Sign - Damaged,St Name - Attached to Pole,Street
DOHMH479,DOHMH,Rodent,Rat Sighting,Parking Lot or Garage
DOT480,DOT,Traffic Signal Condition,Post,N/A
DOHMH481,DOHMH,Unsanitary Animal Pvt Property,Dog,1-2 Family Mixed Use Building
TLC482,TLC,For Hire Vehicle Complaint,Driver Complaint - Passenger,Street
DOHMH483,DOHMH,Indoor Air Quality,Chemical Vapors/Gases/Odors,Other (Explain Below)
DEP484,DEP,Water Quality,"Taste/Odor, Musty/Stale (QA4)",N/A
DOB485,DOB,General Construction/Plumbing,Failure to Comply with Vacate Order,N/A
DOT486,DOT,Traffic Signal Condition,Vehicle Signal,N/A
DOT487,DOT,Street Sign - Damaged,One Way,Street
DOT488,DOT,Street Condition,Dumpster - Construction Waste,Street
DOHMH489,DOHMH,Rodent,Mouse Sighting,Sidewalk
DSNY490,DSNY,Obstruction,Sign,Sidewalk
NYPD491,NYPD,Drinking,In Public,Club/Bar/Restaurant
DEP492,DEP,Water Conservation,"Wasting Faucets,Sinks,Flushometer,Urinal,Etc. - Private Residence (CWR)",N/A
NYPD493,NYPD,Animal-Abuse,Tortured,Street/Sidewalk
DHS494,DHS,Homeless Person Assistance,Chronic,House of Worship
OOS495,OOS,Cannabis Retailer,Unlicensed,N/A
DOHMH496,DOHMH,Indoor Air Quality,Chemical Vapors/Gases/Odors,1-2 Family Dwelling
DCWP497,DCWP,Consumer Complaint,Landlord or Real Estate Agent,Business
DOHMH498,DOHMH,Indoor Air Quality,Sewage Odor,1-2 Family Dwelling
DOHMH499,DOHMH,Rodent,Signs of Rodents,1-2 Family Dwelling
DOT500,DOT,Sidewalk Condition,Sidewalk Staircase,Sidewalk
TLC501,TLC,For Hire Vehicle Complaint,Car Service Company Complaint,Street
DCWP502,DCWP,Consumer Complaint,Drug Store or Pharmacy,Business
DSNY503,DSNY,Residential Disposal Complaint,Trash or Recycling Not Secure,Street
DCWP504,DCWP,Consumer Complaint,Pedicab,Business
DOT505,DOT,Street Sign - Damaged,Stop,Street
DOHMH506,DOHMH,Construction Lead Dust,Common Areas and Apartment,1-2 Family Dwelling
DOT507,DOT,Street Condition,Crash Cushion Defect,Street
DOT508,DOT,Street Light Condition,Fixture/Luminaire Hanging,N/A
DSNY509,DSNY,Dumpster Complaint,Overflowing dumpster,Sidewalk
DOT510,DOT,Street Sign - Missing,Stop,Street
DOT511,DOT,Highway Condition,Painted Line/Marking,Highway
DOHMH512,DOHMH,Rodent,Rat Sighting,Vacant Lot
DSNY513,DSNY,Residential Disposal Complaint,Recycling Posters Not Posted,Street
DOHMH514,DOHMH,Rodent,Condition Attracting Rodents,Street
DOHMH515,DOHMH,Food Establishment,Bare Hands in Contact w/ Food,Restaurant/Bar/Deli/Bakery
DHS516,DHS,Homeless Person Assistance,Chronic,Other
NYPD517,NYPD,Drug Activity,Use Indoor,Hallway
DOT518,DOT,Street Sign - Missing,St Name - Attached to Pole,Street
TLC519,TLC,Found Property,Jewelry,Taxi
NYPD520,NYPD,Traffic,Congestion/Gridlock,Highway
NYPD521,NYPD,Graffiti,Police Report Not Requested,Store/Commercial
DOHMH522,DOHMH,Unsanitary Animal Pvt Property,Dog,Commercial Building
DOB523,DOB,BEST/Site Safety,Demolition - Unsafe,N/A
DOT524,DOT,Broken Parking Meter,Out of Order,Street
DCWP525,DCWP,Consumer Complaint,Gas Station Pumps,Business
DOT526,DOT,Broken Parking Meter,Coin or Card Did Not Register,Street
DEP527,DEP,Water System,Excessive Water In Basement (WEFB),N/A
DPR528,DPR,Maintenance or Facility,Hours of Operation,Park
DOHMH529,DOHMH,Indoor Air Quality,Dust from Construction,3+ Family Apartment Building
DOT530,DOT,Street Condition,Plate Condition - Shifted,Street
DOHMH531,DOHMH,Smoking or Vaping,Allowed in Smoke Free Area,Homeless Shelter
DSNY532,DSNY,Residential Disposal Complaint,Storage Area Not Provided,Sidewalk
DOT533,DOT,Sidewalk Condition,Metal Protruding - Sign Stump,Sidewalk
DOB534,DOB,Investigations and Discipline (IAD),Investigative Inspection,N/A
DOT535,DOT,Bus Stop Shelter Placement,New Bus Stop Shelter Placement,Bus Stop Shelter
DPR536,DPR,Overgrown Tree/Branches,Hitting Phone/Cable Lines,Street
DOHMH537,DOHMH,Indoor Sewage,Sewage Leak,3+ Family Apt. Building
DSNY538,DSNY,Dead Animal,Squirrel,Sidewalk
DSNY539,DSNY,Commercial Disposal Complaint,Waste Left in Front of Residence,Sidewalk
NYPD540,NYPD,Urinating in Public,N/A,Store/Commercial
DPR541,DPR,Maintenance or Facility,Garbage or Litter,Street/Curbside
DOB542,DOB,Building/Use,Zoning - Non-Conforming/Illegal Vehicle Storage,N/A
DCWP543,DCWP,Consumer Complaint,Car Rental,Business
DOB544,DOB,Special Natural Area District (SNAD),Illegal Tree Removal/Topo. Change in SNAD,N/A
DEP545,DEP,Asbestos,Asbestos Complaint (B1),N/A
NYPD546,NYPD,Animal-Abuse,Chained,Residential Building/House
DPR547,DPR,Animal in a Park,Dead Animal,Park
DEP548,DEP,Hazardous Materials,"Oil Spill On Street, Small (HQS)",N/A
NYPD549,NYPD,Abandoned Vehicle,With License Plate,Vacant Lot
DOT550,DOT,Ferry Complaint,Delays,Ferry
DSNY551,DSNY,Dead Animal,Deer,Highway
DOT552,DOT,Outdoor Dining,Site Setup Condition,Street
NYPD553,NYPD,Urinating in Public,N/A,Club/Bar/Restaurant
DOT554,DOT,Street Sign - Missing,Other/Unknown,Street
DSNY555,DSNY,Dirty Condition,Trash,Traffic Island or Median
DSNY556,DSNY,Dumpster Complaint,Blocking Sidewalk or Street,Street
DOB557,DOB,General Construction/Plumbing,Debris - Falling Or In Danger Of Falling,N/A
DOHMH558,DOHMH,Food Establishment,Food Preparation Location,Restaurant/Bar/Deli/Bakery
NYPD559,NYPD,Traffic,Drag Racing,Highway
DOT560,DOT,Bus Stop Shelter Complaint,Broken Glass,Bus Stop Shelter
DOHMH561,DOHMH,Indoor Air Quality,Sewage Odor,3+ Family Apt. Building
DOHMH562,DOHMH,Food Establishment,No Permit or License,Residence
DOB563,DOB,Special Projects Inspection Team (SPIT),Advertising Sign/Billboard/Posters/Flexible Fabric - Illegal,N/A
DSNY564,DSNY,Dead Animal,Raccoon,Street
DCWP565,DCWP,Consumer Complaint,Newsstand,Business
DSNY566,DSNY,Residential Disposal Complaint,Containers Left Out After Collection,Street
DPR567,DPR,Maintenance or Facility,Grass/Weeds,Street/Curbside
DSNY568,DSNY,Dirty Condition,Broken Glass,Street
DCWP569,DCWP,Consumer Complaint,Department Store or Megastore,Business
DSNY570,DSNY,Sanitation Worker or Vehicle Complaint,Inappropriate Behavior,Street
NYPD571,NYPD,Animal-Abuse,Chained,Street/Sidewalk
DOB572,DOB,General Construction/Plumbing,Vent/Exhaust - Illegal/Improper,N/A
DOHMH573,DOHMH,Food Establishment,No Permit or License,Restaurant/Bar/Deli/Bakery
DOHMH574,DOHMH,Drinking Water,Illness Caused by Drinking Water,1-3 Family Dwelling
DSNY575,DSNY,Illegal Posting,Poster or Sign,Street
DOHMH576,DOHMH,Food Establishment,Food Spoiled,Restaurant/Bar/Deli/Bakery
DOT577,DOT,Highway Condition,Unsafe Worksite,Highway
DPR578,DPR,New Tree Request,For One Address,Street
DOHMH579,DOHMH,Indoor Air Quality,Ventilation,Other (Explain Below)
DHS580,DHS,Encampment,N/A,Park/Playground
DPR581,DPR,Overgrown Tree/Branches,Hitting Power Lines,Street
DOB582,DOB,Special Projects Inspection Team (SPIT),Privately Owned Public Space/Non-Compliance,N/A
DEP583,DEP,Air Quality,"Air: Odor/Fumes, Restaurant (AD2)",N/A
DOT584,DOT,Sidewalk Condition,Dumpster - Construction Waste,Sidewalk
DOHMH585,DOHMH,Unsanitary Animal Pvt Property,Cat,3+ Family Apartment Building
DSNY586,DSNY,Residential Disposal Complaint,Storage Area Not Provided,Street
DEP587,DEP,Water System,LOW WATER PRESSURE - WLWP,N/A
DEP588,DEP,Noise,Noise: Private Carting Noise (NQ1),N/A
DSNY589,DSNY,Institution Disposal Complaint,Storage Area Not Provided,School
DSNY590,DSNY,Dirty Condition,Syringes,Sidewalk
DOB591,DOB,General Construction/Plumbing,Construction - Change Grade/Watercourse,N/A
OOS592,OOS,Cannabis Retailer,Sales to Minors Under 21,N/A
HPD593,HPD,PLUMBING,SEWER,RESIDENTIAL BUILDING
DSNY594,DSNY,Sanitation Worker or Vehicle Complaint,Spilled Garbage,Street
DPR595,DPR,Violation of Park Rules,Obstructing Public Use,Street/Curbside
HPD596,HPD,OUTSIDE BUILDING,GUTTER/LEADER,RESIDENTIAL BUILDING
NYPD597,NYPD,Traffic,Chronic Speeding,Street/Sidewalk
NYPD598,NYPD,Drug Activity,Use Indoor,Lobby
DEP599,DEP,Water Conservation,Illegal Use Of Hose - Other (CCO),N/A
DOT600,DOT,Outdoor Dining,Street Zone Blocked,Street
HPD601,HPD,OUTSIDE BUILDING,PAVEMENT,RESIDENTIAL BUILDING
DSNY602,DSNY,Dead Animal,Other,Street
DSNY603,DSNY,Residential Disposal Complaint,Waste Left in Front of Other Residence,Street
DOHMH604,DOHMH,Rodent,Rat Sighting,Commercial Building
DOHMH605,DOHMH,Rodent,Condition Attracting Rodents,Sidewalk
DPR606,DPR,Maintenance or Facility,Recreation Center,Street/Curbside
DOT607,DOT,Bridge Condition,"Dirt, Debris, Litter Complaint",Bridge
DOHMH608,DOHMH,Rodent,Signs of Rodents,Commercial Building
DOT609,DOT,Highway Sign - Damaged,Electronic Sign - Overhead,Highway
DOHMH610,DOHMH,Unsanitary Animal Facility,Animal Waste,Kennel/Animal Shelter
DOT611,DOT,Sidewalk Condition,Cellar Door Defective,Sidewalk
DOT612,DOT,Sidewalk Condition,Cellar Door Open/Unprotected,Sidewalk
DOHMH613,DOHMH,Food Establishment,Food Spoiled,Other (Explain Below)
DOT614,DOT,Bus Stop Shelter Complaint,Dirty/Graffiti,Bus Stop Shelter
DOHMH615,DOHMH,Building Drinking Water Tank,Unsanitary Condition,Inside
DSNY616,DSNY,Sanitation Worker or Vehicle Complaint,Noise,Street
DOHMH617,DOHMH,Construction Lead Dust,Common Areas and Apartment,3+ Family Apartment Building
TLC618,TLC,Lost Property,Clothing/Glasses,Taxi
DOHMH619,DOHMH,Harboring Bees/Wasps,Bees/Wasps - Not a beekeper,3+ Family Mixed Use Building
DOT620,DOT,Street Sign - Damaged,Other/Unknown,Street
DOHMH621,DOHMH,Rodent,Mouse Sighting,Vacant Lot
DOHMH622,DOHMH,Rodent,Signs of Rodents,3+ Family Mixed Use Building
DOHMH623,DOHMH,Mold,Public Complaint - Comm Location,Commercial Building
DOHMH624,DOHMH,Tobacco or Non-Tobacco Sale,Original Labels or Packaging Not Kept,Restaurant/Bar/Deli/Bakery
DOHMH625,DOHMH,Indoor Air Quality,Chemical Vapors/Gases/Odors,Restaurant
DOHMH626,DOHMH,Tobacco or Non-Tobacco Sale,Original Labels or Packaging Not Kept,Retail Store
DCWP627,DCWP,Consumer Complaint,Laundromat,Business
NYPD628,NYPD,Graffiti,Police Report Requested,Store/Commercial
NYPD629,NYPD,Animal-Abuse,Tortured,Store/Commercial
DOT630,DOT,Street Condition,Line/Marking - After Repaving,Street
DOT631,DOT,Traffic Signal Condition,Base Door,N/A
DOHMH632,DOHMH,Rodent,Rat Sighting,Vacant Building
DOHMH633,DOHMH,Smoking or Vaping,Allowed in Smoke Free Area,Government Building
DOHMH634,DOHMH,Food Establishment,Food Protection,Restaurant/Bar/Deli/Bakery
DOE635,DOE,School Maintenance,Rodents/Mice,School
DSNY636,DSNY,Lot Condition,Construction Debris,Lot
DOHMH637,DOHMH,Food Establishment,Food Worker Hygiene,Restaurant/Bar/Deli/Bakery
TLC638,TLC,Green Taxi Complaint,Driver Complaint - Passenger,N/A
TLC639,TLC,Taxi Complaint,Driver Complaint - Passenger,Bridge
DOT640,DOT,Traffic Signal Condition,Underground,N/A
NYPD641,NYPD,Non-Emergency Police Matter,Trespassing,Park/Playground
DOHMH642,DOHMH,Rodent,Mouse Sighting,3+ Family Mixed Use Building
DOHMH643,DOHMH,Drinking Water,Illness Caused by Drinking Water,Commercial Building
DOT644,DOT,Outdoor Dining,Barrier Condition,Street
DOHMH645,DOHMH,Food Establishment,Rodents/Insects/Garbage,Other (Explain Below)
DOHMH646,DOHMH,Radioactive Material,Contamination Risk,Other (Explain Below)
DOHMH647,DOHMH,Indoor Sewage,Sewage Leak,3+ Family Mixed Use Building
DEP648,DEP,Water Quality,unknown odor/taste in drinking water (QA6),N/A
DOE649,DOE,School Maintenance,Other School Condition,School
NYPD650,NYPD,Animal-Abuse,Other (complaint details),Store/Commercial
DOHMH651,DOHMH,Non-Residential Heat,Inadequate or No Heat,Building (Non-Residential)
DCWP652,DCWP,Consumer Complaint,"Clothing, Shoe, or Accessories Store",Business
DEP653,DEP,Air Quality,"Air: Dust, Construction/Demolition (AE4)",N/A
DPR654,DPR,Maintenance or Facility,Unsecured Facility,Street/Curbside
DOT655,DOT,Ferry Complaint,General Complaint,Ferry
DOB656,DOB,Special Projects Inspection Team (SPIT),Sign/Awning/Marquee - Illegal/No Permit,N/A
DOHMH657,DOHMH,Indoor Sewage,Sewage Leak,1-2 Family Dwelling
DOHMH658,DOHMH,Food Establishment,Odor,Restaurant/Bar/Deli/Bakery
DEP659,DEP,Water Quality,"Taste/Odor, Sewer (QA5)",N/A
DSNY660,DSNY,Obstruction,Merchandise,Street
DOB661,DOB,Emergency Response Team (ERT),Lights From Parking Lot Shining On Building,N/A
DOB662,DOB,General Construction/Plumbing,Wall/Retaining Wall - Bulging/Cracked,N/A
DOHMH663,DOHMH,Day Care,Day Care Facility,Other
DEP664,DEP,Sewer,RAIN GARDEN DEBRIS (GIRGD),N/A
DOHMH665,DOHMH,Asbestos,N/A,Commercial Building
DEP666,DEP,Water Conservation,Water Meter Broken/Leaking - Other (CMO),N/A
DOHMH667,DOHMH,Poison Ivy,N/A,Residential Building
DOT668,DOT,Street Light Condition,Flood Light Lamp Dayburning,N/A
DCWP669,DCWP,Consumer Complaint,Debt Collection Agency,Business
DOT670,DOT,Traffic Signal Condition,Support Bracket,N/A
DPR671,DPR,Illegal Tree Damage,Unauthorized Tree Pruning,Street
DCWP672,DCWP,Consumer Complaint,E-Cigarette Sales,Business
DHS673,DHS,Homeless Person Assistance,Chronic,Park/Playground
DOB674,DOB,General Construction/Plumbing,Safety Netting/Guard Rails - Damaged/Inadequate/None (6 Stories/75 Feet Or Less),N/A
DOT675,DOT,Traffic Signal Condition,Temporary,N/A
TLC676,TLC,For Hire Vehicle Report,Car Service Company Report,N/A
DSNY677,DSNY,Dirty Condition,Syringes,Street
DOT678,DOT,Sidewalk Condition,Canopy Complaint,Sidewalk
DOT679,DOT,Traffic Signal Condition,Veh Signal Visor,N/A
DOT680,DOT,Sidewalk Condition,Pedestrian Ramp Defective,Sidewalk
DOT681,DOT,Street Light Condition,Lamppost Damaged,N/A
DOHMH682,DOHMH,Food Establishment,Food Contains Foreign Object,Restaurant/Bar/Deli/Bakery
EDC683,EDC,Noise - Helicopter,News Gathering,Above Address
DOHMH684,DOHMH,Illegal Animal Sold,Other,Street Vendor
DSNY685,DSNY,Institution Disposal Complaint,Storage Area Not Provided,Non-Profit
DOT686,DOT,Traffic Signal Condition,Foundation,N/A
DOT687,DOT,Street Light Condition,Lamppost Base Door/Cover Open,N/A
DOT688,DOT,Street Light Condition,Lamppost Missing,N/A
DSNY689,DSNY,Institution Disposal Complaint,Storage Area Not Provided,Government Building
DOT690,DOT,Traffic Signal Condition,Junction Box,N/A
DOHMH691,DOHMH,Day Care,Day Care Facility,Apartment
DPR692,DPR,Animal in a Park,Injured Wildlife,Street/Curbside
DOT693,DOT,Traffic Signal Condition,Blank Out Matrix Sgn,N/A
DOHMH694,DOHMH,Day Care,Day Care Facility,Commercial Building
DOT695,DOT,Traffic Signal Condition,Veh Signal Lens,N/A
DOE696,DOE,School Maintenance,Broken Water Fountain,School
DOHMH697,DOHMH,Pet Sale,Animals Sold From Residence,Private Residence
DOHMH698,DOHMH,Day Care,Day Care Facility,Private School
DSNY699,DSNY,Dirty Condition,Broken Glass,Sidewalk
TLC700,TLC,Taxi Report,Driver Report - Non Passenger,N/A
DOT701,DOT,Street Light Condition,Street Light Lamp Missing,N/A
DCWP702,DCWP,Consumer Complaint,Home Appliance Store,Business
HPD703,HPD,SAFETY,OUTLET COVER,RESIDENTIAL BUILDING
DOT704,DOT,Traffic Signal Condition,Cable,N/A
DPR705,DPR,Overgrown Tree/Branches,Dead Branches in Tree,Park
DOHMH706,DOHMH,Food Establishment,Ventilation,Restaurant/Bar/Deli/Bakery
DEP707,DEP,Industrial Waste,Grease In Sewer/Catch Basin (IDG),N/A
DOT708,DOT,Street Sign - Damaged,Do Not Enter,Street
DCWP709,DCWP,Consumer Complaint,Cell Phone Store,Business
DOT710,DOT,Bus Stop Shelter Complaint,Damaged Bench,Bus Stop Shelter
DOHMH711,DOHMH,Mobile Food Vendor,Plumbing,Mobile Food Vendor
DSNY712,DSNY,Dead Animal,Opossum,Sidewalk
DOHMH713,DOHMH,Food Establishment,Plumbing,Restaurant/Bar/Deli/Bakery
DCWP714,DCWP,Consumer Complaint,Construction Labor Provider,Business
DOHMH715,DOHMH,Unsanitary Animal Pvt Property,Other Animal,3+ Family Mixed Use Building
DOHMH716,DOHMH,Unsanitary Pigeon Condition,Pigeon Waste,3+ Family Mixed Use Building
DOT717,DOT,Highway Condition,Dead Animal,Highway
DEP718,DEP,Hazardous Materials,"Unsafe Chemical, Storage (HC1)",N/A
NYPD719,NYPD,Panhandling,N/A,Park/Playground
DOT720,DOT,Broken Parking Meter,Missing/Stump,Street
DOB721,DOB,General Construction/Plumbing,Adjacent Buildings Not Protected,N/A
DOT722,DOT,Street Light Condition,Bracket Arm Missing,N/A
DOHMH723,DOHMH,Rodent,Condition Attracting Rodents,Commercial Building
DOT724,DOT,Sidewalk Condition,Sidewalk Collapsed,Sidewalk
DSNY725,DSNY,Obstruction,Sidewalk Display,Sidewalk
DOHMH726,DOHMH,Food Establishment,Food Worker Hygiene,Other (Explain Below)
DOHMH727,DOHMH,Indoor Air Quality,Dust from Construction,Other (Explain Below)
DPR728,DPR,Overgrown Tree/Branches,Hitting Building,Park
DEP729,DEP,Sewer,Defective/Missing Curb Piece (SC4),N/A
DOT730,DOT,Traffic Signal Condition,Ver Mesage Sign RTPI,N/A
DPR731,DPR,Uprooted Stump,Remove Stump,Street
DCWP732,DCWP,Consumer Complaint,Pawnbroker,Business
DOT733,DOT,Street Condition,Line/Marking - Faded,Vehicle Lane
NYPD734,NYPD,Animal-Abuse,No Shelter,Commercial
DOT735,DOT,Street Sign - Dangling,Street Cleaning - ASP,Street
DOHMH736,DOHMH,Rodent,Rat Sighting,1-2 Family Mixed Use Building
TLC737,TLC,Taxi Complaint,Vehicle Complaint,Street
DOHMH738,DOHMH,Construction Lead Dust,Coming into Apartment,3+ Family Apartment Building
DOHMH739,DOHMH,Food Establishment,Toilet Facility,Other (Explain Below)
TLC740,TLC,Taxi Complaint,Driver Complaint - Non Passenger,Highway
NYPD741,NYPD,Urinating in Public,N/A,Park/Playground
DOHMH742,DOHMH,Day Care,Day Care Facility,Private House
DCWP743,DCWP,Consumer Complaint,Shipping Company,Business
DOHMH744,DOHMH,Food Establishment,Facility Construction,Senior Center
DOT745,DOT,Street Sign - Missing,One Way,Street
DSNY746,DSNY,Dirty Condition,Dog Waste,Street
DSNY747,DSNY,Illegal Posting,Sticker or Decal,Sidewalk
DOHMH748,DOHMH,Smoking or Vaping,Allowed in Smoke Free Area,Other
DSNY749,DSNY,Dirty Condition,Syringes,Gutter
DOT750,DOT,Wayfinding,Electronic Screen Bad/Wrong Info,Sidewalk
DSNY751,DSNY,Sanitation Worker or Vehicle Complaint,Idling or Blocking Traffic,Street
DOHMH752,DOHMH,Food Establishment,Food Contaminated,Other (Explain Below)
TLC753,TLC,Green Taxi Report,Driver Report - Non Passenger,N/A
DOT754,DOT,Sidewalk Condition,Defective Hardware,Sidewalk
DSNY755,DSNY,Obstruction,Trash or Recycling,N/A
DCWP756,DCWP,Consumer Complaint,Tobacco Sales,Business
DOHMH757,DOHMH,Smoking or Vaping,Allowed in Smoke Free Area,Airport or Train/Bus Station
DSNY758,DSNY,Dead Animal,Dog,Sidewalk
DOHMH759,DOHMH,Rodent,Mouse Sighting,Parking Lot or Garage
DOT760,DOT,Bike Rack,Abandoned Bike,Sidewalk
DOHMH761,DOHMH,Mobile Food Vendor,Insects / Pests,Mobile Food Vendor
DCWP762,DCWP,Consumer Complaint,Third-Party Food Delivery Service,Business
DSNY763,DSNY,Illegal Posting,Sticker or Decal,Street
DOHMH764,DOHMH,Indoor Air Quality,Dust from Construction,Commercial Building
DOHMH765,DOHMH,Food Establishment,Permit/License/Certificate,Restaurant/Bar/Deli/Bakery
DOHMH766,DOHMH,Food Establishment,No Permit or License,Other (Explain Below)
NYPD767,NYPD,Animal-Abuse,Neglected,Subway Station
DOHMH768,DOHMH,Food Establishment,Dishwashing/Utensils,Other (Explain Below)
OOS769,OOS,Cannabis Retailer,Product Concerns,N/A
DOHMH770,DOHMH,Food Establishment,Sign,Restaurant/Bar/Deli/Bakery
DEP771,DEP,Noise,"Noise, Other Animals (NR6)",N/A
TLC772,TLC,Green Taxi Complaint,Driver Complaint - Non Passenger,N/A
DOHMH773,DOHMH,Rodent,Condition Attracting Rodents,Parking Lot or Garage
NYPD774,NYPD,Disorderly Youth,Nuisance/Truant,Street/Sidewalk
DCWP775,DCWP,Consumer Complaint,Furniture Store,Business
DOHMH776,DOHMH,Drinking Water,Illness Caused by Drinking Water,3+ Family Apartment Building
DEP777,DEP,Air Quality,"Air: Odor, Nail Salon (AD8)",N/A
DEP778,DEP,Air Quality,Air: Other Air Problem (Use Comments) (AZZ),N/A
NYPD779,NYPD,Disorderly Youth,Nuisance/Truant,Store/Commercial
DOB780,DOB,Special Projects Inspection Team (SPIT),Illegal Conversion Of Manufacturing/Industrial Space,N/A
DOT781,DOT,Street Light Condition,Multiple Street Lights Out,N/A
NYPD782,NYPD,Animal-Abuse,No Shelter,Residential Building
TLC783,TLC,For Hire Vehicle Report,Driver Report - Non Passenger,N/A
DEP784,DEP,Water Conservation,Water Meter Stolen/Missing - Private Residence (CLR),N/A
DOT785,DOT,Broken Parking Meter,Bent/Loose,Street
DOHMH786,DOHMH,Rodent,Mouse Sighting,1-2 Family Dwelling
DEP787,DEP,Hazardous Materials,"Unsafe Chemical, Abandoned (HC2)",N/A
DSNY788,DSNY,Litter Basket Complaint,Overflowing,Street
DOHMH789,DOHMH,Indoor Air Quality,Human Feces,3+ Family Apt. Building
DOT790,DOT,Broken Parking Meter,Parking Card Stuck in Meter,Lot
DOB791,DOB,Investigations and Discipline (IAD),Plumbing Work - Unlicensed/Illegal/Improper Work In Progress,N/A
DEP792,DEP,Water Quality,"No Sampling Required, Requested Information (QG2)",N/A
DOT793,DOT,E-Scooter,Improperly Parked or Abandoned,Building Entrance
DOT794,DOT,Street Sign - Damaged,Bus Stop,Street
DSNY795,DSNY,Commercial Disposal Complaint,Waste Disposal,Retail Store
DPR796,DPR,Animal in a Park,Animal Waste,Park
DOHMH797,DOHMH,Rodent,Mouse Sighting,3+ Family Apt. Building
DOT798,DOT,Traffic Signal Condition,Ped Flasher,N/A
DOB799,DOB,General Construction/Plumbing,Landmark Bldg - Illegal Work,N/A
DOHMH800,DOHMH,Indoor Air Quality,Ventilation,1-2 Family Dwelling
DOT801,DOT,Traffic Signal Condition,Street Light Feed,N/A
DEP802,DEP,Sewer,Catch Basin Grating Missing (SA4),N/A
HPD803,HPD,OUTSIDE BUILDING,ROOFING,RESIDENTIAL BUILDING
DOT804,DOT,Sidewalk Condition,Newspaper Box Complaint,Sidewalk
NYPD805,NYPD,Non-Emergency Police Matter,Trespassing,Street/Sidewalk
DOHMH806,DOHMH,Asbestos,N/A,3+ Family Apartment Building
DOT807,DOT,Traffic Signal Condition,In Post Base,N/A
DOHMH808,DOHMH,Mobile Food Vendor,Food Temperature,Mobile Food Vendor
DOT809,DOT,Street Condition,Plate Condition - Anti-Skid,Street
DEP810,DEP,Sewer,RAIN GARDEN STRUCTURE (GIRGS),N/A
DOT811,DOT,Street Light Condition,Bracket Arm Broken,N/A
DCWP812,DCWP,Consumer Complaint,Jewelry Store,Business
DCWP813,DCWP,Consumer Complaint,Dry Cleaner,Business
TLC814,TLC,Lost Property,Electronics/Phones,N/A
DOT815,DOT,Broken Parking Meter,No Receipt,Street
DOT816,DOT,Sidewalk Condition,Defacement,Sidewalk
DOHMH817,DOHMH,Rodent,Rat Sighting,Government Building
DOHMH818,DOHMH,Indoor Air Quality,Sewage Odor,1-2 Family Mixed Use Building
DOT819,DOT,Street Condition,Line/Marking - Faded,Crosswalk
DOT820,DOT,Street Light Condition,Fixture/Luminaire Door Open,N/A
DOHMH821,DOHMH,Food Poisoning,1 or 2,Catering Service
DOB822,DOB,Plumbing,Failure To Retain Water/Improper Drainage- (LL103/89),N/A
DOT823,DOT,Street Light Condition,Fixture/Luminaire Out Of Position,N/A
DOT824,DOT,Street Condition,Defacement,Street
DOHMH825,DOHMH,Indoor Air Quality,Chemical Vapors/Gases/Odors,Commercial Building
DSNY826,DSNY,Recycling Basket Complaint,Overflowing,Sidewalk
DOT827,DOT,Street Condition,Wear & Tear,N/A
DOHMH828,DOHMH,Food Establishment,Food Protection,Catering Service
DOHMH829,DOHMH,Food Establishment,Food Preparation Location,Catering Service
DOHMH830,DOHMH,Construction Lead Dust,In Common Areas,1-2 Family Mixed Use Building
DPR831,DPR,Wood Pile Remaining,Remove Debris,Street
DOT832,DOT,Street Light Condition,New Con Ed Service Request,N/A
TLC833,TLC,Taxi Compliment,Driver Compliment,N/A
TLC834,TLC,Green Taxi Report,Driver Report - Passenger,N/A
DOE835,DOE,School Maintenance,Graffiti,School
DOE836,DOE,School Maintenance,Heating Problem,School
DPR837,DPR,Damaged Tree,Branch Cracked and Will Fall,Park
DCWP838,DCWP,Consumer Complaint,Storage Warehouse,Business
DOB839,DOB,General Construction/Plumbing,"Smoking Signs - ""No Smoking"" Signs Not Observed on Construction Site",N/A
DOT840,DOT,Bus Stop Shelter Complaint,Damaged Other,Bus Stop Shelter
DCWP841,DCWP,Consumer Complaint,Booting Company,Business
HPD842,HPD,OUTSIDE BUILDING,PORCH/BALCONY,RESIDENTIAL BUILDING
DEP843,DEP,Water Quality,Clear Water With Other Particles (Use Comments) (QEZ),N/A
DOHMH844,DOHMH,Rodent,Condition Attracting Rodents,Vacant Building
DOHMH845,DOHMH,Rodent,Signs of Rodents,Sidewalk
DOHMH846,DOHMH,Unsanitary Pigeon Condition,Pigeon Waste,1-2 Family Mixed Use Building
DOHMH847,DOHMH,Rodent,Mouse Sighting,Commercial Building
DEP848,DEP,Air Quality,"Air: Smoke, Vehicular (AA4)",N/A
DOT849,DOT,Sidewalk Condition,Sidewalk Grating - Missing,Sidewalk
DOT850,DOT,Highway Sign - Dangling,Exit/Route,Highway
OOS851,OOS,Cannabis Retailer,Too Close to a House of Worship,N/A
TLC852,TLC,For Hire Vehicle Complaint,Driver Report - Non Passenger,Street
DOB853,DOB,Cranes and Derricks,Crane/Suspension Scaffold - No Permit/License/Cert./Unsafe/Illegal,N/A
DOHMH854,DOHMH,Mold,Loft Building,Loft Building - Common Areas
DOT855,DOT,Street Condition,Unsafe Worksite,Street
DOHMH856,DOHMH,Food Establishment,Kitchen/Food Prep Area,Other (Explain Below)
DOHMH857,DOHMH,Rodent,Condition Attracting Rodents,3+ Family Mixed Use Building
DOT858,DOT,E-Scooter,Improperly Parked or Abandoned,Private Property
DOHMH859,DOHMH,Unsanitary Animal Facility,Animal Odor,Kennel/Animal Shelter
DOT860,DOT,Street Sign - Missing,Bus Stop,Street
NYPD861,NYPD,Animal-Abuse,Tortured,Subway Station
NYPD862,NYPD,Abandoned Vehicle,With License Plate,Highway
DPR863,DPR,Animal in a Park,Wildlife Sighting,Street/Curbside
DPR864,DPR,Overgrown Tree/Branches,Traffic Sign or Signal Blocked,Street
DOT865,DOT,Outdoor Dining,Restaurant Status,Street
DPR866,DPR,Animal in a Park,Removing Wildlife,Street/Curbside
HPD867,HPD,OUTSIDE BUILDING,SKYLIGHT,RESIDENTIAL BUILDING
DOHMH868,DOHMH,Food Establishment,Handwashing,Restaurant/Bar/Deli/Bakery
DOHMH869,DOHMH,Rodent,Rat Sighting,Public Garden
DOT870,DOT,Street Condition,Line/Marking - Faded,Street
DEP871,DEP,Water Quality,"Taste/Odor, Chemical (QA2)",N/A
DOHMH872,DOHMH,Indoor Air Quality,Ventilation,Commercial Building
DOT873,DOT,Street Condition,Line/Marking - After Repaving,Vehicle Lane
DOT874,DOT,Street Light Condition,Flood Light Lamp Cycling,N/A
DEP875,DEP,Air Quality,"Air: Odor, Sweet From Unknown Source (AZ1)",N/A
DPR876,DPR,Maintenance or Facility,Hours of Operation,Street/Curbside
DEP877,DEP,Industrial Waste,Oil Spill Into Basin/Sewer - Small (IABS),N/A
DOT878,DOT,Street Condition,Line/Marking - After Repaving,Crosswalk
NYPD879,NYPD,Animal-Abuse,Chained,Store/Commercial
NYPD880,NYPD,Animal-Abuse,In Car,Street/Sidewalk
DPR881,DPR,Animal in a Park,Wildlife Sighting,Park
DOT882,DOT,Street Sign - Dangling,Bus Stop,Street
DEP883,DEP,Air Quality,"Air: Dust, Other (Use Comments) (AE5)",N/A
NYPD884,NYPD,Animal-Abuse,In Car,Residential Building/House
DOHMH885,DOHMH,Mold,Loft Building,Loft Residence
DOB886,DOB,Plumbing,Sprinkler System - Inadequate,N/A
DPR887,DPR,Violation of Park Rules,Smoking,Park
DSNY888,DSNY,Dead Animal,Rat or Mouse,Sidewalk
DOT889,DOT,Street Sign - Damaged,Detour,Street
DOHMH890,DOHMH,Construction Lead Dust,Coming into Apartment,1-2 Family Dwelling
DEP891,DEP,Hazardous Materials,"Oil Spill On Street, Large (HQL)",N/A
DCWP892,DCWP,Consumer Complaint,Catering Establishment,Business
DPR893,DPR,Violation of Park Rules,BBQ Outside Authorized Area,Park
DOB894,DOB,General Construction/Plumbing,Smoking Ban - Smoking on Construction Site,N/A
DOHMH895,DOHMH,Indoor Air Quality,Chemical Vapors/Gases/Odors,School
DCWP896,DCWP,Consumer Complaint,Pet Store,Business
DCWP897,DCWP,Consumer Complaint,Games of Chance,Business
OTI898,OTI,LinkNYC,WiFi/Internet Not Working/Slow,Sidewalk
DEP899,DEP,Water Quality,Defective Water Sampling Station (QSS),N/A
DOHMH900,DOHMH,Food Establishment,Food Preparation Location,Other (Explain Below)
DOHMH901,DOHMH,Tattooing,Tattoo Artist Unlicensed,Tattoo Parlor
DOHMH902,DOHMH,Rodent,Signs of Rodents,3+ Family Apt. Building
DOHMH903,DOHMH,Indoor Air Quality,Sewage Odor,Other (Explain Below)
DOHMH904,DOHMH,Indoor Air Quality,Dust from Construction,1-2 Family Dwelling
DPR905,DPR,Maintenance or Facility,Structure - Outdoors,Street/Curbside
DOHMH906,DOHMH,Food Establishment,Facility Construction,Restaurant/Bar/Deli/Bakery
DOT907,DOT,Street Light Condition,Flood Light Lamp Out,N/A
DOT908,DOT,E-Scooter,Improperly Parked or Abandoned,Sidewalk
DOT909,DOT,Traffic Signal Condition,Wireless Antenna,N/A
DOT910,DOT,E-Scooter,Improperly Parked or Abandoned,Street
DOT911,DOT,Traffic Signal Condition,On Messenger,N/A
DOT912,DOT,Bike Rack,Damaged/Bent/Loose/Leaning,Sidewalk
DSNY913,DSNY,Obstruction,Donation Collection Bin,Sidewalk
DOHMH914,DOHMH,Food Establishment,Bare Hands in Contact w/ Food,Other (Explain Below)
DSNY915,DSNY,Commercial Disposal Complaint,Waste Disposal,Street
DSNY916,DSNY,Incorrect Data,Collection Days,Sidewalk
DOB917,DOB,Dept of Investigations,Integrity Complaint Referral,N/A
DOT918,DOT,Traffic Signal Condition,Time Switch,N/A
NYPD919,NYPD,Animal-Abuse,Chained,Parking Lot
DOT920,DOT,Street Sign - Damaged,Speed Limit,Street
TLC921,TLC,Taxi Complaint,Driver Complaint - Passenger,Roadway Tunnel
DOHMH922,DOHMH,Unsanitary Pigeon Condition,Pigeon Odor,Commercial Building
DOT923,DOT,Street Sign - Dangling,St Name - Over Intersection,Street
DOT924,DOT,Traffic Signal Condition,Controller Flasher,N/A
TLC925,TLC,Taxi Report,Vehicle Report,N/A
DOHMH926,DOHMH,Food Poisoning,1 or 2,Food Cart Vendor
DCWP927,DCWP,Consumer Complaint,Office Supply or Stationery Store,Business
DOHMH928,DOHMH,Mobile Food Vendor,Food Source/Protection,Green Cart Vendor
DPR929,DPR,Maintenance or Facility,Broken Glass,Park
DOHMH930,DOHMH,Rodent,Condition Attracting Rodents,1-2 Family Mixed Use Building
DOHMH931,DOHMH,Rodent,Mouse Sighting,Street
NYPD932,NYPD,Disorderly Youth,Playing in Unsuitable Place,Street/Sidewalk
DPR933,DPR,Violation of Park Rules,Biking/Rollerblading off Path,Park
DOT934,DOT,Street Sign - Dangling,Honorary,Street
TLC935,TLC,Lost Property,Other,N/A
DOHMH936,DOHMH,Food Establishment,Food Temperature,Other (Explain Below)
DOT937,DOT,Street Sign - Dangling,School Crossing,Street
TLC938,TLC,Green Taxi Complaint,Vehicle Complaint,N/A
TLC939,TLC,FHV Licensee Complaint,Licensee Complaint,N/A
DSNY940,DSNY,Litter Basket Complaint,Misuse,Residence
DOHMH941,DOHMH,Tanning,Injury or Illness from Tanning,Tanning Salon
DPR942,DPR,Illegal Tree Damage,Unauthorized Tree Removal,Park
DCWP943,DCWP,Consumer Complaint,"Gift, Novelty, or Souvenir Store",Business
DOHMH944,DOHMH,Unsanitary Animal Pvt Property,Other Animal,1-2 Family Dwelling
DOT945,DOT,Broken Parking Meter,Credit Card Stuck in Meter,Street
DEP946,DEP,Water Quality,"Clear Water With Organisms (Insects, Worms) (QE2)",N/A
DOHMH947,DOHMH,Food Establishment,Food Contains Foreign Object,Other (Explain Below)
DPR948,DPR,Damaged Tree,Entire Tree Has Fallen Down,Park
DOHMH949,DOHMH,Unsanitary Animal Pvt Property,Other Animal,3+ Family Apartment Building
DPR950,DPR,Maintenance or Facility,Broken Glass,Street/Curbside
DOHMH951,DOHMH,Construction Lead Dust,Coming into Apartment,1-2 Family Mixed Use Building
DOE952,DOE,School Maintenance,Plumbing Problem,School
HPD953,HPD,DOOR/WINDOW,DOOR TO DUMBWAITER,RESIDENTIAL BUILDING
DOT954,DOT,Street Condition,Guard Rail - Street,Street
DOHMH955,DOHMH,Smoking or Vaping,Allowed in Smoke Free Area,Theater
DPR956,DPR,Animal in a Park,Domestic Strays,Street/Curbside
DOB957,DOB,Special Projects Inspection Team (SPIT),Sign - In Danger Of Falling,N/A
DEP958,DEP,Water Quality,"Taste/Odor, Chlorine (QA1)",N/A
DOT959,DOT,Street Sign - Dangling,Speed Limit,Street
DOT960,DOT,Street Condition,Plate Condition - Open,Street
TLC961,TLC,Taxi Licensee Complaint,Owner/Broker/Agent Complaint,N/A
DEP962,DEP,Noise,Noise: Other Noise Sources (Use Comments) (NZZ),N/A
DCWP963,DCWP,Consumer Complaint,Residential Rental Agency,Business
DOT964,DOT,Bus Stop Shelter Complaint,Sign Missing or Defective,Bus Stop Shelter
DOE965,DOE,School Maintenance,Lack of Supplies,School
DPR966,DPR,Animal in a Park,Dead Animal,Street/Curbside
DEP967,DEP,Water Conservation,Rooftank Leak Or Overflow (CKO),N/A
DOT968,DOT,Broken Parking Meter,Out of Order,Lot
DOHMH969,DOHMH,Unsanitary Animal Pvt Property,Cat,1-2 Family Dwelling
DOB970,DOB,General Construction/Plumbing,Structural Stability Impacted - New Building Under Construction,N/A
DOHMH971,DOHMH,Tobacco or Non-Tobacco Sale,Shisha Sold to Minor,Restaurant/Bar/Deli/Bakery
DOHMH972,DOHMH,Food Establishment,Pet/Animal,Other (Explain Below)
NYPD973,NYPD,Animal-Abuse,Neglected,Street/Sidewalk
DOHMH974,DOHMH,Animal Facility - No Permit,N/A,Petting Zoo/Animal Exhibit
DEP975,DEP,Water Quality,"Oil, Grease In Water (QD1)",N/A
DOT976,DOT,Ferry Complaint,Cleanliness,Terminal
DOT977,DOT,Highway Sign - Damaged,Other/Unknown,Highway
OTI978,OTI,LinkNYC,Damaged/Defective,Sidewalk
HPD979,HPD,OUTSIDE BUILDING,ROOF DOOR/HATCH,RESIDENTIAL BUILDING
DOHMH980,DOHMH,Food Establishment,Food Worker Illness,Restaurant/Bar/Deli/Bakery
DOT981,DOT,Bus Stop Shelter Complaint,Lighting,Bus Stop Shelter
DEP982,DEP,Water Quality,Cloudy Or Milky Water (QB1),N/A
DCWP983,DCWP,Consumer Complaint,Locksmith,Business
NYPD984,NYPD,Disorderly Youth,Playing in Unsuitable Place,Residential Building/House
DOT985,DOT,Street Light Condition,Glassware Hanging,N/A
DOT986,DOT,Traffic Signal Condition,Enclosure Cap,N/A
DOB987,DOB,BEST/Site Safety,Safety Netting/Guard Rails - Damaged/Inadequate/None (Over 6 Stories/75 Feet),N/A
DOHMH988,DOHMH,Indoor Air Quality,Unsafe Mold Cleanup,Residential Building
DOB989,DOB,Special Projects Inspection Team (SPIT),Adult Establishment,N/A
NYPD990,NYPD,Animal-Abuse,Other (complaint details),Park/Playground
DOB991,DOB,General Construction/Plumbing,Excavation Undermining Adjacent Building,N/A
DOHMH992,DOHMH,Food Poisoning,3 or More,Other (Explain Below)
DOHMH993,DOHMH,Tattooing,Dirty/Inadequate Eqp/Facility,Tattoo Parlor
DOT994,DOT,Street Light Condition,Multiple St Lts Dayburning,N/A
TLC995,TLC,For Hire Vehicle Complaint,Driver Complaint - Non Passenger,Highway
DEP996,DEP,Industrial Waste,Concrete In Catch Basin (IEA),N/A
DOHMH997,DOHMH,Food Establishment,Food Worker Activity,Restaurant/Bar/Deli/Bakery
DOT998,DOT,Highway Condition,Loose Plate,Highway
DOB999,DOB,Scaffold Safety,Suspended (Hanging) Scaffolds - No Pmt/Lic/Dangerous/Accident,N/A
NYPD1000,NYPD,Urinating in Public,N/A,Subway Station
DOHMH1001,DOHMH,Illegal Animal Sold,Other,Residence
DSNY1002,DSNY,Residential Disposal Complaint,Refrigerator or Freezer Door Attached,Sidewalk
DOHMH1003,DOHMH,Indoor Air Quality,Dust from Construction,Restaurant
NYPD1004,NYPD,Animal-Abuse,Neglected,Park/Playground
DOT1005,DOT,Traffic Signal Condition,CMU Communication,N/A
DOHMH1006,DOHMH,Illegal Animal Kept as Pet,Snake,Residence
DOT1007,DOT,Bench,Missing,Sidewalk
DSNY1008,DSNY,Residential Disposal Complaint,Mattress or Box Spring Uncovered,Street
NYPD1009,NYPD,Bike/Roller/Skate,N/A,Store/Commercial
DPR1010,DPR,Violation of Park Rules,Removing Flowers/Plants,Park
NYPD1011,NYPD,Bike/Roller/Skate,N/A,Residential Building/House
DPR1012,DPR,Violation of Park Rules,BBQ Outside Authorized Area,Street/Curbside
DOHMH1013,DOHMH,Harboring Bees/Wasps,Bees/Wasps - Not a beekeper,1-2 Family Dwelling
DSNY1014,DSNY,Dumpster Complaint,Small uncovered dumpster,Sidewalk
DOHMH1015,DOHMH,Mobile Food Vendor,Permit/License/Certificate,Mobile Food Vendor
DOHMH1016,DOHMH,Unsanitary Animal Pvt Property,Other Animal,1-2 Family Mixed Use Building
DOHMH1017,DOHMH,Harboring Bees/Wasps,Bees/Wasps - Not a beekeper,1-2 Family Mixed Use Building
DOT1018,DOT,Bike Rack,Abandoned Bike,Street
NYPD1019,NYPD,Non-Emergency Police Matter,Trespassing,Store/Commercial
DSNY1020,DSNY,Dirty Condition,Broken Glass,Yard
DOT1021,DOT,Street Sign - Dangling,Yield,Street
DOHMH1022,DOHMH,Drinking Water,Illness Caused by Drinking Water,Other (Explain Below)
DOT1023,DOT,Street Sign - Missing,St Name - Over Intersection,Street
DSNY1024,DSNY,Residential Disposal Complaint,Mattress or Box Spring Uncovered,Sidewalk
DOHMH1025,DOHMH,Pet Sale,Inadequate Care,Commercial Building
TLC1026,TLC,Found Property,Bag/Wallet,Taxi
NYPD1027,NYPD,Illegal Fireworks,N/A,Pier
DOT1028,DOT,Street Light Condition,Lamppost Base Door/Cover Missing,N/A
DOHMH1029,DOHMH,Food Establishment,Dishwashing/Utensils,Restaurant/Bar/Deli/Bakery
TLC1030,TLC,Green Taxi Complaint,Driver Complaint - Non Passenger,Street
DOT1031,DOT,Broken Parking Meter,Timer Defect - Fast/Fail,Street
DEP1032,DEP,Industrial Waste,Waterway-Color (IHD),N/A
DCWP1033,DCWP,Consumer Complaint,Tour Guide,Business
DOT1034,DOT,Street Sign - Dangling,Do Not Enter,Street
DEP1035,DEP,Sewer,Highway Flooding (SH),N/A
DOT1036,DOT,Sidewalk Condition,Blocked - ATM,Sidewalk
NYPD1037,NYPD,Traffic,Congestion/Gridlock,Roadway Tunnel
DEP1038,DEP,Water Conservation,Water Meter Stolen/Missing - Other (CLO),N/A
TLC1039,TLC,Lost Property,Sports Equipment,Taxi
DHS1040,DHS,Homeless Person Assistance,Non-Chronic,Highway
DOHMH1041,DOHMH,Harboring Bees/Wasps,Bees/Wasps - Not a beekeper,3+ Family Apartment Building
DSNY1042,DSNY,Dead Animal,Cat,Highway
NYPD1043,NYPD,Animal-Abuse,Other (complaint details),Street/Sidewalk
NYPD1044,NYPD,Noise - Commercial,Loud Television,Store/Commercial
NYPD1045,NYPD,Traffic,Truck Route Violation,Highway
DOT1046,DOT,Street Sign - Missing,Do Not Enter,Street
DPR1047,DPR,Illegal Tree Damage,Trunk Damaged,Park
DOHMH1048,DOHMH,Day Care,Day Care Facility,Public School
TLC1049,TLC,For Hire Vehicle Complaint,Driver Complaint - Passenger,Highway
DOT1050,DOT,Street Sign - Missing,Construction,Street
DPR1051,DPR,Dead/Dying Tree,Planted More Than 2 Years Ago,Park
DCWP1052,DCWP,Consumer Complaint,Electronics or Appliance Repair,Business
DEP1053,DEP,Industrial Waste,Odor In Sewer/Catch Basin (ICB),N/A
DOHMH1054,DOHMH,Day Care,Summer Camp,Other
DOT1055,DOT,Highway Condition,Highway Fence,Highway
DOT1056,DOT,Traffic Signal Condition,Sway Bar,N/A
DOT1057,DOT,Street Sign - Damaged,Yield,Street
DOT1058,DOT,Street Condition,Line/Marking - After Repaving,Bike Lane
DOHMH1059,DOHMH,Food Establishment,Food Temperature,Cafeteria - College/University
DSNY1060,DSNY,Illegal Posting,Flyer or Handbill,Street
NYPD1061,NYPD,Graffiti,Police Report Requested,Residential Building/House
DPR1062,DPR,Maintenance or Facility,Structure - Indoors,Street/Curbside
DPR1063,DPR,Damaged Tree,Tree Leaning/Uprooted,Park
DSNY1064,DSNY,Dead Animal,Dog,Street
DOT1065,DOT,Street Sign - Missing,Honorary,Street
DOHMH1066,DOHMH,Window Guard,Tenant Refusal,3+ Family Apartment Building
DSNY1067,DSNY,Dirty Condition,Debris from Car Accident,Traffic Island or Median
TLC1068,TLC,Lost Property,Jewelry,Taxi
DOHMH1069,DOHMH,Asbestos,N/A,School
DOHMH1070,DOHMH,Rodent,Rat Sighting,Day Care or Nursery
DOHMH1071,DOHMH,Rodent,Rat Sighting,Hospital
DOHMH1072,DOHMH,Food Establishment,Food Spoiled,Cafeteria - Private School
DOE1073,DOE,School Maintenance,Air Conditioning Problem,School
DEP1074,DEP,Water Quality,Other Water Problem (Use Comments) (QZZ),N/A
DOHMH1075,DOHMH,Beach/Pool/Sauna Complaint,Facility Maintenance,Pool
DOHMH1076,DOHMH,Tobacco or Non-Tobacco Sale,Banned Tobacco Flavors Sold,Retail Store
DOT1077,DOT,Street Light Condition,Glassware Missing,N/A
DOHMH1078,DOHMH,Rodent,Mouse Sighting,1-2 Family Mixed Use Building
DOHMH1079,DOHMH,Rodent,Condition Attracting Rodents,Vacant Lot
DOT1080,DOT,Street Light Condition,Fixture/Luminaire Missing,N/A
NYPD1081,NYPD,Illegal Fireworks,N/A,Store/Commercial
DOT1082,DOT,Street Sign - Damaged,St Name - Over Intersection,Street
DOHMH1083,DOHMH,Food Establishment,Permit/License/Certificate,Food Cart Vendor
DOT1084,DOT,Street Light Condition,Foreign Attachment On Lamppost,N/A
DCWP1085,DCWP,Consumer Complaint,Process Server,Business
DOT1086,DOT,Street Light Condition,Lamppost Base Door/Cover Damaged,N/A
DOT1087,DOT,Traffic Signal Condition,Veh Signal Sec Door,N/A
DOT1088,DOT,Ferry Inquiry,Lost and Found,Terminal
TLC1089,TLC,Lost Property,Book/Stationery,Taxi
DOHMH1090,DOHMH,Tobacco or Non-Tobacco Sale,Banned Tobacco Flavors Sold,Restaurant/Bar/Deli/Bakery
DOHMH1091,DOHMH,Food Establishment,Food Temperature,Senior Center
DOHMH1092,DOHMH,Indoor Air Quality,Sewage Odor,Commercial Building
DOT1093,DOT,Traffic Signal Condition,Warning Signal Lamp,N/A
DOHMH1094,DOHMH,Pet Sale,Unsanitary Conditions,Commercial Building
DCWP1095,DCWP,Consumer Complaint,Used Goods Dealer,Business
DCWP1096,DCWP,Consumer Complaint,Moving Company,Business
DOHMH1097,DOHMH,Rodent,Signs of Rodents,Street
NYPD1098,NYPD,Bike/Roller/Skate Chronic,N/A,Street/Sidewalk
DOHMH1099,DOHMH,Unsanitary Animal Pvt Property,Cat,Commercial Building
DCWP1100,DCWP,Consumer Complaint,Gas Station Convenience Store,Business
DOB1101,DOB,General Construction/Plumbing,Inadequate Support Shoring,N/A
NYPD1102,NYPD,Animal-Abuse,Tortured,Park/Playground
DPR1103,DPR,Root/Sewer/Sidewalk Condition,Affecting Sewer or Foundation,Street
DCWP1104,DCWP,Consumer Complaint,Tax Preparation Services,Business
DPR1105,DPR,Violation of Park Rules,Unlicensed Vendors,Street/Curbside
DOT1106,DOT,Traffic Signal Condition,Speed Board Sign,N/A
DOHMH1107,DOHMH,Indoor Air Quality,Sewage Odor,School
DOT1108,DOT,Sidewalk Condition,Sidewalk Grating - Defective,Sidewalk
DSNY1109,DSNY,Snow or Ice,Roadway,Street
TLC1110,TLC,Found Property,Electronics/Phones,Taxi
NYPD1111,NYPD,Bike/Roller/Skate Chronic,N/A,Store/Commercial
TLC1112,TLC,Taxi Complaint,Driver Report - Passenger,Street
DPR1113,DPR,Maintenance or Facility,Snow or Ice,Park
DSNY1114,DSNY,Dirty Condition,Dirt or Gravel,Traffic Island or Median
DOHMH1115,DOHMH,Tattooing,No Consent Form,Tattoo Parlor
DOHMH1116,DOHMH,Food Establishment,Letter Grading,Permanent Food Stand
DOHMH1117,DOHMH,Smoking or Vaping,Ashtray in Smoke-Free Area,Residential Building
DEP1118,DEP,Industrial Waste,Oil Spill Into Basin/Sewer - Large (IABL),N/A
DOHMH1119,DOHMH,Food Establishment,Bare Hands in Contact w/ Food,Senior Center
DOT1120,DOT,Broken Parking Meter,No Receipt,Lot
DEP1121,DEP,Water Quality,"Cloudy Or Milky, Other (Use Comments) (QBZ)",N/A
DPR1122,DPR,Overgrown Tree/Branches,Blocking Street,Park
DPR1123,DPR,Violation of Park Rules,Use of Newly Seeded Lawn,Park
DOT1124,DOT,Curb Condition,Curb Violation,Sidewalk
DPR1125,DPR,Damaged Tree,Tree Alive - in Poor Condition,Park
DOT1126,DOT,Bridge Condition,Snow on Overpass,Bridge
DOT1127,DOT,Traffic Signal Condition,Push Button,N/A
DOE1128,DOE,School Maintenance,Leaky Roof,School
TLC1129,TLC,Lost Property,Clothing/Glasses,N/A
DCWP1130,DCWP,Consumer Complaint,"Smoking, Cigar, or Vape Store",Business
DOT1131,DOT,Traffic Signal Condition,Lane Control Signal,N/A
DOT1132,DOT,Street Light Condition,Wood Pole Leaning,N/A
DOT1133,DOT,Traffic Signal Condition,Hangers,N/A
DOHMH1134,DOHMH,Tattooing,Minor Received Tattoo,Tattoo Parlor
DCWP1135,DCWP,Consumer Complaint,Ticket Seller,Business
DOT1136,DOT,Bike Rack,Missing,Sidewalk
DOT1137,DOT,E-Scooter,Damaged or Vandalized,Street
DOHMH1138,DOHMH,Food Establishment,Permit/License/Certificate,Other (Explain Below)
DHS1139,DHS,Homeless Person Assistance,Chronic,Highway
DOHMH1140,DOHMH,Indoor Sewage,Sewage Leak,Commercial Building
DOT1141,DOT,Highway Condition,Guard Rail - Highway,Highway
DCWP1142,DCWP,Consumer Complaint,Arcade,Business
DOHMH1143,DOHMH,Food Establishment,No Permit or License,Catering Service
DOHMH1144,DOHMH,Calorie Labeling,Failure to Post Calorie Information,Restaurant/Bar/Deli/Bakery
DOT1145,DOT,Traffic Signal Condition,Ped Visor,N/A
DCWP1146,DCWP,Consumer Complaint,Funeral Home,Business
DOHMH1147,DOHMH,Smoking or Vaping,Sign Inadequate,Residential Building
DOHMH1148,DOHMH,Indoor Sewage,Sewage Leak,1-2 Family Mixed Use Building
DOHMH1149,DOHMH,Indoor Air Quality,Ventilation,Restaurant
DOHMH1150,DOHMH,Asbestos,N/A,1-2 Family Dwelling
DPR1151,DPR,Illegal Tree Damage,Bicycle Chained to Tree,Park
DOT1152,DOT,E-Scooter,Damaged or Vandalized,Sidewalk
DSNY1153,DSNY,Dumpster Complaint,Small uncovered dumpster,Street
DEP1154,DEP,Sewer,RAIN GARDEN PLANTING (GIRGP),N/A
NYPD1155,NYPD,Graffiti,Police Report Not Requested,Residential Building/House
DOHMH1156,DOHMH,Drinking Water,Illness Caused by Drinking Water,Restaurant
DOT1157,DOT,Highway Sign - Damaged,Speed Limit,Highway
DOT1158,DOT,Traffic Signal Condition,Sign,N/A
DEP1159,DEP,Noise,"Noise: Boat(Engine,Music,Etc) (NR10)",N/A
NYPD1160,NYPD,Bike/Roller/Skate Chronic,N/A,Residential Building/House
DOT1161,DOT,Highway Condition,Crash Cushion Defect,Highway
DOT1162,DOT,E-Scooter,Parking Corral Not Maintained,Sidewalk
TLC1163,TLC,For Hire Vehicle Complaint,Equipment Complaint,Street
NYPD1164,NYPD,Non-Emergency Police Matter,Street Con Game,Store/Commercial
DSNY1165,DSNY,Recycling Basket Complaint,Misuse,Sidewalk
NYPD1166,NYPD,Noise - House of Worship,Banging/Pounding,House of Worship
DOHMH1167,DOHMH,Food Establishment,Food Contaminated,Catering Service
DOHMH1168,DOHMH,Smoking or Vaping,Workplace Policy Not Provided or Inadequate,Residential Building
DOT1169,DOT,Bike Rack,Damaged/Bent/Loose/Leaning,Street
DOT1170,DOT,Street Sign - Missing,School Crossing,Street
DOHMH1171,DOHMH,Food Establishment,Food Contaminated,Street Fair Vendor
DOHMH1172,DOHMH,Day Care,Other,Other
DOHMH1173,DOHMH,Rodent,Signs of Rodents,Vacant Lot
DOT1174,DOT,Traffic Signal Condition,Reflector/Louvre,N/A
DOHMH1175,DOHMH,Food Establishment,Food Worker Activity,Other (Explain Below)
DOHMH1176,DOHMH,Beach/Pool/Sauna Complaint,Safety Equipment/Signs,Beach
DOHMH1177,DOHMH,Food Poisoning,1 or 2,Cafeteria - College/University
DCWP1178,DCWP,Consumer Complaint,Employment Agency,Business
DOHMH1179,DOHMH,Unsanitary Animal Facility,Animal Waste,Petting Zoo/Animal Exhibit
NYPD1180,NYPD,Graffiti,Police Report Requested,Street/Sidewalk
DCWP1181,DCWP,Consumer Complaint,Bail Bond Agent,Business
DOHMH1182,DOHMH,Food Establishment,Rodents/Insects/Garbage,Street Fair Vendor
DOT1183,DOT,Ferry Complaint,Disruptive Passenger,Terminal
DOHMH1184,DOHMH,Construction Lead Dust,In Common Areas,Other (Explain Below)
NYPD1185,NYPD,Animal-Abuse,Neglected,Parking Lot
DOT1186,DOT,Bench,Damaged/Bent/Loose/Leaning,Sidewalk
DSNY1187,DSNY,Dead Animal,Other,Highway
DPR1188,DPR,Overgrown Tree/Branches,Hitting Power Lines,Park
DSNY1189,DSNY,Institution Disposal Complaint,Trash Not Separated from Recycling,House of Worship
DOT1190,DOT,Traffic Signal Condition,On Structure,N/A
DOHMH1191,DOHMH,Lifeguard,Inattentive,Pool
DOT1192,DOT,Street Condition,Line/Marking - After Repaving,Speed Reducer
DOHMH1193,DOHMH,Illegal Animal Sold,Turtle Under 4 inches Long,Store
DOT1194,DOT,Street Light Condition,Fire Globe Missing,N/A
DOT1195,DOT,Highway Sign - Damaged,Exit/Route,Highway
DPR1196,DPR,Wood Pile Remaining,Remove Debris,Park
DOT1197,DOT,Street Condition,Depression Maintenance,N/A
DOHMH1198,DOHMH,Food Poisoning,3 or More,Food Cart Vendor
NYPD1199,NYPD,Illegal Fireworks,N/A,Highway
DOHMH1200,DOHMH,Food Establishment,Kitchen/Food Prep Area,Street Fair Vendor
HPD1201,HPD,APPLIANCE,MICROWAVE,RESIDENTIAL BUILDING
DOHMH1202,DOHMH,Illegal Animal Kept as Pet,Farm Animal,Residence
DPR1203,DPR,Violation of Park Rules,Unauthorized Climbing,Park
DOT1204,DOT,Street Light Condition,Fire Alarm Lamp Missing,N/A
DOHMH1205,DOHMH,Pet Sale,Cat Sold,Commercial Building
DOT1206,DOT,Traffic Signal Condition,Conduit,N/A
DEP1207,DEP,Industrial Waste,Chemical Spill (IAC),N/A
DOHMH1208,DOHMH,Animal Facility - No Permit,N/A,Kennel/Animal Shelter
NYPD1209,NYPD,Posting Advertisement,Building,Store/Commercial
OTI1210,OTI,LinkNYC,Blocking Sidewalk,Sidewalk
DPR1211,DPR,Violation of Park Rules,Unauthorized Posting of Signs,Park
DOHMH1212,DOHMH,Illegal Animal Kept as Pet,Ferret,Residence
DOT1213,DOT,Highway Condition,Sign Blocked by Tree,Highway
DCWP1214,DCWP,Consumer Complaint,Wholesale Food Market,Business
DSNY1215,DSNY,Litter Basket Complaint,Misuse,Commercial Building
DOT1216,DOT,Street Sign - Damaged,School Crossing,Street
DCWP1217,DCWP,Consumer Complaint,Pregnancy Services Center,Business
DSNY1218,DSNY,Residential Disposal Complaint,Recycling Posters Not Posted,Sidewalk
DOT1219,DOT,Broken Parking Meter,Graffiti,Street
DOT1220,DOT,Bridge Condition,Graffiti - Bridge,Bridge
DOT1221,DOT,Public Toilet,New Automatic Public Toilet Request,Sidewalk
DOHMH1222,DOHMH,Beach/Pool/Sauna Complaint,Beach/Pool/Sauna Unpermitted,Pool
DOHMH1223,DOHMH,Indoor Air Quality,Dust from Construction,1-2 Family Mixed Use Building
DOHMH1224,DOHMH,Asbestos,N/A,Other (Explain Below)
NYPD1225,NYPD,Encampment,N/A,Bridge
DOT1226,DOT,Street Condition,Line/Marking - Faded,School Safety Zone
DOHMH1227,DOHMH,Construction Lead Dust,Common Areas and Apartment,Other (Explain Below)
DOT1228,DOT,Street Light Condition,Glassware Broken,N/A
DOT1229,DOT,Street Sign - Dangling,Construction,Street
DOHMH1230,DOHMH,Smoking or Vaping,Allowed in Smoke Free Area,School - K-12 Public
DOT1231,DOT,Street Light Condition,Bracket Arm Bent,N/A
DPR1232,DPR,Violation of Park Rules,Unauthorized Film Shoot,Park
TLC1233,TLC,Lost Property,Jewelry,N/A
NYPD1234,NYPD,Non-Emergency Police Matter,Ticket Scalping,Street/Sidewalk
DOHMH1235,DOHMH,Food Establishment,Letter Grading,Other (explain in Complaint Details)
DOT1236,DOT,Bridge Condition,Fallen Debris from Bridge,Bridge
DOHMH1237,DOHMH,Unsanitary Animal Pvt Property,Other Animal,Commercial Building
DCWP1238,DCWP,Consumer Complaint,Horse-Drawn Cab,Business
DHS1239,DHS,Homeless Person Assistance,Non-Chronic,Roadway Tunnel
DOHMH1240,DOHMH,Rodent,Rat Sighting,Catch Basin or Sewer
DOHMH1241,DOHMH,Rodent,Mouse Sighting,Hospital
DHS1242,DHS,Encampment,N/A,Bridge
DOT1243,DOT,Traffic Signal Condition,Turn Signal,N/A
DOT1244,DOT,Ferry Complaint,Cleanliness,Ferry
DOHMH1245,DOHMH,Rodent,Signs of Rodents,Office Building
DEP1246,DEP,Plant,DRY WEATHER DISCHARGE - DWD,N/A
DOHMH1247,DOHMH,Standing Water,Sewer or Drain,Commercial Building
DOHMH1248,DOHMH,Standing Water,Other - Explain Below,Other
NYPD1249,NYPD,Non-Emergency Police Matter,Ticket Scalping,Store/Commercial
DSNY1250,DSNY,Dead Animal,Deer,Sidewalk
DOHMH1251,DOHMH,Indoor Air Quality,Ventilation,School
DOHMH1252,DOHMH,Food Establishment,Odor,Other (Explain Below)
DSNY1253,DSNY,Dead Animal,Deer,Residence
DOT1254,DOT,Traffic Signal Condition,Pedestrian Sign,N/A
DOHMH1255,DOHMH,Unsanitary Pigeon Condition,Pigeon Odor,1-2 Family Dwelling
DOHMH1256,DOHMH,Standing Water,Puddle in Ground,1-2 Family Dwelling
DOB1257,DOB,General Construction/Plumbing,Material Storage - Unsafe,N/A
DPR1258,DPR,Violation of Park Rules,Unsafe Use of Playground,Street/Curbside
DOT1259,DOT,Traffic Signal Condition,Ped Lens,N/A
DOHMH1260,DOHMH,Standing Water,Puddle on Sidewalk,Other
DOHMH1261,DOHMH,Indoor Air Quality,Human Feces,1-2 Family Dwelling
DOHMH1262,DOHMH,Food Establishment,Bare Hands in Contact w/ Food,Catering Service
DSNY1263,DSNY,Dirty Condition,Broken Glass,Gutter
DOHMH1264,DOHMH,Food Establishment,Water,Restaurant/Bar/Deli/Bakery
DOHMH1265,DOHMH,Cooling Tower,Broken/Defective,Roof
DOT1266,DOT,Bus Stop Shelter Complaint,Damaged or Missing Ad Box,Bus Stop Shelter
DPR1267,DPR,Animal in a Park,Animal Waste,Street/Curbside
DOT1268,DOT,Traffic Signal Condition,Door,N/A
DOT1269,DOT,Public Toilet,Damaged Other,Sidewalk
DOT1270,DOT,Street Condition,Hummock,N/A
DOHMH1271,DOHMH,Mobile Food Vendor,Smoke/Odor,Green Cart Vendor
DOHMH1272,DOHMH,Unsanitary Pigeon Condition,Pigeon Odor,1-2 Family Mixed Use Building
DOHMH1273,DOHMH,Asbestos,N/A,1-2 Family Mixed Use Building
DOHMH1274,DOHMH,Unsanitary Pigeon Condition,Pigeon Odor,3+ Family Mixed Use Building
DOHMH1275,DOHMH,Food Establishment,Milk Not Pasteurized,Restaurant/Bar/Deli/Bakery
DCWP1276,DCWP,Consumer Complaint,Carpet and Flooring Business,Business
DOE1277,DOE,School Maintenance,Asbestos,School
DOB1278,DOB,AHV Inspection Unit,After Hours Work - With An AHV Permit,N/A
DOHMH1279,DOHMH,Rodent,Mouse Sighting,Government Building
DOHMH1280,DOHMH,Mosquitoes,Large Number of Mosquitoes,Residential Property
DSNY1281,DSNY,Institution Disposal Complaint,Trash Not Separated from Recycling,Non-Profit
DOHMH1282,DOHMH,Pet Sale,No Animal Handling Certificate,Commercial Building
DCWP1283,DCWP,Consumer Complaint,Airline,Business
DOHMH1284,DOHMH,Unsanitary Pigeon Condition,Pigeon Odor,3+ Family Apartment Building
DOHMH1285,DOHMH,Cooling Tower,Unsanitary Condition,Ground
